ID,FirstName
8,Furukawa
9,Jessup
10,Ritter
11,Berger
14,Baker
21,Aguilar
22,Mayhugh
22,Grey
24,Johnson
30,Meeks
33,Lauridsen
33,Burroughs
35,Nastasi
37,Smith
40,Hatfield
41,Walker
43,Knee
43,Mitchell
45,Williams
46,Fitzgerald
46,Wright
46,Meister
50,Means
51,Rodriguez
51,Sprague
53,Lambert
54,Wilson
56,Milton
57,Oconnell
64,Robb
65,Cates
66,Gehling
70,Gregory
78,Wiedenheft
82,Perry
89,Willson
89,Youngs
93,Bess
93,Jernigan
93,Hurst
94,Carson
94,Mclean
96,Bradley
98,Braun
99,Pearce
106,Herrera
110,Littich
111,Perez
114,Fisher
116,Mabry
118,Lewis
119,Hosmer
119,Jorgenson
121,Guerrant
127,Hill
128,Fields
128,Braxton
134,Singletary
134,Curtis
135,Perez
137,Smith
137,Navarro
138,Moore
142,Santiago
143,Velasquez
146,Cox
149,Shrefler
150,Southerland
153,Dupree
158,Speed
160,Quan
166,Knight
169,Pierson
170,Saenphimmacha
172,Hammers
174,Hill
175,Caylor
182,White
184,Jones
186,Harteau
193,Weaver
194,Foster
195,Kelly
197,French
201,Wolf
206,Davis
212,Brown
213,Rios
216,Thielman
218,Varel
221,Creekmore
223,Dillahunt
224,Bavaro
226,Hiltz
229,Wynn
230,Sanchez
231,Soto
232,Branch
235,Tague
239,Adams
240,Roberts
241,Byler
243,Topolosky
244,Leonard
244,Thompson
246,Gasaway
252,Hudson
256,Guzman
257,Collins
261,Johnson
265,Wilford
265,Vidinha
267,Cano
269,Murphy
270,Ojeda
275,Juarez
275,Graves
276,Gardner
279,Kosse
280,Husband
283,Santiago
286,Robertson
289,Fomby
294,Nejaime
296,Agosta
298,Butler
299,Orr
300,Maddox
301,Thomas
301,Hibbard
304,Scott
306,Chambley
308,Broadway
310,Armon
311,Bowland
313,Reed
314,Polanco
314,Luiz
318,Hoban
320,Erlewine
321,Shaw
324,Washington
326,Haddad
328,Levin
329,Ryant
336,Crowe
336,Embry
338,Douthitt
342,Matos
342,Dunstan
343,Duncan
348,Mann
352,Robertson
353,Bogard
354,Greer
354,Tran
354,Delzer
355,Stevens
356,Sylvester
356,Werner
359,Tucker
363,Bruner
367,Lee
369,Angel
374,James
375,Cobos
377,Church
377,Mobley
379,Sheffield
379,Matesic
380,Gerber
381,Ferrell
384,Capo
385,Plateroti
388,Davis
389,Coley
389,Currin
391,Sheppard
395,Henson
396,Shivers
409,Moreno
416,Church
418,Anderson
419,Archer
422,Brazil
428,Negri
430,Leal
431,Nolting
431,Funes
436,Dellinger
438,Schumacher
440,Louis
440,Frech
441,Thompson
448,Espinoza
449,Dickson
451,Malley
452,Ander
458,Elliott
459,Hodge
463,Resch
467,Moshier
468,Perkins
468,Poundstone
469,Heath
470,Whirry
472,Otterson
473,Baltimore
477,Long
478,Bass
480,Whirry
480,Ellis
483,Bernal
491,Freeman
492,Chapin
500,Briley
503,Daggett
503,Emrick
504,Starrett
509,Brignac
513,Ownby
515,Warren
515,Menzel
516,Fassett
516,Rogers
518,Penland
519,Twigg
520,Bradford
521,Browder
526,Johnson
528,Willis
533,Shedlock
536,Marine
541,Ward
545,Lloyd
545,Craver
551,Brent
552,Ryan
560,Goings
563,Currin
565,Cline
573,Smith
574,Salisbury
579,Goodwin
583,Metzler
584,Scheel
586,Sackal
587,Mccloud
588,Higgin
592,Burke
595,Wiggins
597,Streett
600,Parker
603,Gassaway
606,Brantley
608,Kirkwood
609,Winters
609,Wolfe
620,Hennessey
621,Wills
621,Collins
624,Matson
624,Quinn
625,Maresco
625,Schneider
626,Johnson
627,King
628,Manning
628,Chiu
631,Cox
633,Ray
635,Wilkins
638,Campbell
641,Lank
644,Holmes
648,Louis
653,Bello
659,Howe
661,Sharpe
664,Browne
671,Jones
682,Waters
687,Harris
687,Campbell
689,Bryant
690,Dement
693,Sassano
695,Garon
695,Powell
696,Kelly
700,Kadlec
701,Stremming
701,Slater
706,Herrington
714,Dortch
716,Anderson
717,Shackelford
718,Washburn
718,Alexander
720,Capp
725,Boyer
726,Mcmullen
726,Bane
728,Isbell
729,Rivera
734,Echols
735,Streeter
737,Ball
740,Hauman
741,Goya
747,Lopez
751,Thompson
752,Tibbs
758,Maks
760,Corcoran
761,Given
762,Rodriguez
764,Little
765,Cornett
766,Everett
766,Ortiz
767,Greene
769,Russell
771,Cacciatori
774,Cook
774,Harris
778,Dixon
781,Sanchez
785,Safford
786,Trevino
790,Ross
790,Lewis
793,Wolf
795,Titus
796,Burt
798,Crites
800,Burridge
802,Peterson
803,Vanwoert
804,Kuczenski
805,Maldanado
810,Thurman
811,Sarkin
812,Herman
814,Ketcher
818,Henderson
819,Soto
821,Kirk
822,Templeton
827,Lopez
829,Slaton
839,Wu
840,Leadbetter
841,Perry
841,Pruitt
844,Pascoe
844,Carter
847,Lanham
851,Winter
853,Winkler
855,Bielecki
859,Church
860,Reyes
866,Nickson
867,Godeaux
871,Maher
872,Kantor
877,Higby
879,Aponte
879,Vick
880,Morrison
886,Crowley
889,Franck
890,Reist
891,Lewis
892,Newland
892,Trujillo
893,Wilcutt
898,Carrizales
903,Talley
904,Gilliam
907,Dupree
909,Black
910,Behrens
911,Lopez
912,Cannon
915,Wicker
915,Beasley
916,Carter
919,Parker
921,Simons
921,Carson
924,Woods
924,Jackson
925,Ward
926,Wallace
927,Headley
929,Kirby
929,Davine
942,Evanich
947,Dodd
948,Boesen
950,George
952,Harris
956,Schoppert
959,Clements
963,Jacobsen
968,Cornish
969,Ball
970,Canon
972,Howell
974,Wilson
975,Bridges
977,Lopez
981,Murphy
981,Hicks
993,Plessinger
993,Barnett
995,Haggerty
997,Zamora
998,Haran
1000,Williams
1004,Tabor
1009,Williams
1010,Wilkes
1011,Reynolds
1011,Boggs
1017,Devens
1018,Wood
1022,Dahl
1025,Muller
1026,Grossman
1026,Williams
1027,Holland
1027,Joseph
1030,Halvorson
1030,Semien
1034,Carroll
1035,Sawicki
1039,Bassler
1040,Norton
1042,Edwards
1042,Master
1043,Mallard
1045,Tanimoto
1046,Mendez
1055,Little
1055,Smith
1057,Smith
1057,Smith
1062,Whalen
1064,Reynolds
1069,Becwar
1072,Escobar
1072,Kellogg
1072,Coffman
1075,Brown
1076,Canty
1080,Mehling
1090,Deese
1090,Vigne
1096,Rogers
1097,Notis
1100,Gamboa
1103,Soukup
1105,Perez
1119,Crockett
1119,Roberts
1122,Cashdollar
1125,Park
1127,Krefft
1129,Warren
1132,Criswell
1135,Rodrigues
1136,Bonilla
1137,Goodman
1158,Cameron
1158,Wrobel
1159,Cosgrove
1161,Reyna
1162,Davison
1165,Kelley
1168,Swims
1171,Hyslop
1176,Jones
1176,Abramowitz
1177,Richard
1179,Vance
1181,Haney
1181,Neal
1190,Gugler
1194,Thomas
1195,Burns
1197,Bradbury
1198,Saults
1199,Royster
1204,Millington
1204,Presley
1205,Snider
1209,Obrien
1212,Barks
1214,Bond
1215,Miller
1217,Freeman
1218,Fleckenstein
1219,Guinn
1223,Mccreary
1224,Myers
1225,Washington
1225,Ready
1225,Kelly
1233,Cain
1234,Demma
1242,Reibert
1247,Schroeter
1248,Nagata
1249,Marro
1250,Smith
1251,Lanza
1254,Zukof
1254,Clemmons
1254,Tsuda
1255,Choi
1257,Cordova
1258,Charity
1259,Logan
1263,Mccarthy
1268,Witherspoon
1269,Ramirez
1271,Franzen
1272,Ramos
1273,Mosconi
1277,Whitlock
1278,Sallee
1282,Reed
1287,Crowley
1289,Sanchez
1289,Smith
1296,Jones
1300,Ruscio
1300,Ingram
1301,Smith
1301,Verville
1304,Soto
1310,Woodall
1312,Clow
1313,Wise
1316,Bellavance
1320,Wagner
1320,Garrett
1320,Jackson
1321,Zieman
1324,Mills
1327,Brown
1331,Pyron
1336,Jackson
1339,Dunn
1342,Henry
1349,Mcgrath
1349,Mortimer
1350,Printup
1351,Dodson
1359,Ross
1363,Gile
1363,Mitchell
1370,Conley
1371,Bulson
1372,Odom
1375,Kelly
1376,Chiariello
1377,Puckett
1381,Bolt
1381,Moore
1382,Metheney
1384,John
1385,Long
1386,Cooper
1386,Cooke
1390,Fox
1411,Erickson
1412,Espinal
1413,Scholer
1415,Walker
1417,Bernardino
1418,Cockrell
1420,Miller
1422,Newberry
1429,Johnson
1430,Wright
1434,Pennell
1438,Morales
1441,Ball
1442,Hernandez
1442,Lank
1444,Knight
1450,Sterling
1451,Roberto
1455,Ramirez
1456,Schick
1466,Roy
1470,Blechman
1473,Delgado
1474,Turner
1476,Wyckoff
1476,Williams
1477,Yin
1478,Greene
1484,Matthews
1491,Johnson
1492,Marshall
1494,Comeaux
1494,Coleman
1495,Curry
1497,Ripley
1501,Marois
1507,Flores
1510,Anderson
1514,Sawyer
1517,Maldonado
1522,Greenman
1523,Wood
1525,Smith
1526,Mccullough
1527,Walker
1529,Chavez
1530,Scudder
1534,Benedetti
1537,Thomas
1538,Poulin
1541,Goodman
1547,Thivierge
1551,Bernardo
1557,Barns
1558,Moser
1559,Vides
1561,Tejeiro
1562,Varner
1566,Morabito
1568,Wordlaw
1570,Dodd
1575,Yantzer
1578,Dugat
1578,Benesh
1580,Pettrey
1584,Crieghton
1586,Rodwell
1591,Stacy
1592,Dunn
1598,Paige
1602,Hinman
1603,Kluender
1612,Amezquita
1616,Ward
1619,Patrick
1621,Liebl
1624,Johnson
1628,Sjolander
1630,Cobb
1635,Vavra
1635,Sherwood
1640,Borgen
1640,Dingee
1644,Brock
1646,Brown
1648,Lewis
1653,Hinrichs
1657,Simpson
1659,Harris
1660,Gunnels
1661,Bowen
1665,Mckenzie
1665,Patel
1666,Sheller
1668,Harry
1669,Peterson
1670,Usrey
1670,Duran
1674,Sanyaro
1680,Goins
1683,Mcaleer
1699,Knodel
1700,Murphy
1701,Yan
1705,Mills
1711,Snow
1712,Morrill
1713,Terry
1714,Johnson
1715,Stephenson
1719,Dressler
1722,Williams
1723,Torres
1727,Shapiro
1727,Danforth
1730,Mcguire
1735,Garza
1736,Pollard
1740,Ellis
1743,Maxim
1746,Mchone
1748,Banks
1749,Scott
1753,Doyle
1756,Powell
1762,Young
1764,Hinnenkamp
1766,Wicklund
1766,Bluestein
1770,Mccorkle
1770,Smith
1770,Griffin
1772,Stemple
1773,Vega
1774,Garica
1777,Escoto
1778,Rosas
1778,Hubbard
1783,Prehn
1783,Sanchez
1783,Fryer
1784,Thompson
1788,Townsend
1788,Lanz
1790,Farina
1794,Charles
1795,Thomas
1805,Castle
1806,Goggin
1811,Campbell
1813,Allen
1816,Lewis
1820,Clark
1821,Gallardo
1823,Camargo
1826,Sample
1828,Barrett
1828,Forbes
1828,Wangler
1832,Baxter
1836,Spiker
1836,Gomes
1837,Love
1841,Martino
1842,Clark
1843,Cada
1849,Sims
1849,Dooley
1852,Perez
1857,Scolaro
1859,Brigman
1860,Greene
1862,Anderson
1862,Quigley
1862,Cohn
1867,Pulse
1868,Cropley
1869,Fairbanks
1875,Radford
1878,Rall
1878,Sanchez
1880,Polk
1881,Schmitmeyer
1885,Gutirrez
1886,Sibley
1891,Denny
1894,Ellender
1895,Hall
1896,Edmisten
1898,Martins
1900,Miles
1902,Francis
1902,Allen
1904,Newkirk
1904,Warner
1905,Diaz
1908,Patterson
1911,Taylor
1915,Welder
1916,Cody
1917,Drabant
1922,Adams
1923,Sanchez
1925,Blum
1927,Bulow
1927,Neal
1929,Brogdon
1936,Calvert
1943,Klinger
1945,Johnson
1949,Franks
1950,Allen
1951,Kite
1951,Mcdowell
1953,Redden
1954,Caraballo
1954,Halloran
1960,Burke
1964,Burch
1965,Oneal
1968,Arch
1969,Ward
1972,Odom
1975,Hein
1978,Capobianco
1979,August
1981,Johnson
1982,Alonso
1982,Swisher
1983,Howell
1985,Gardner
1985,Herrera
1988,Hipsher
1989,Peters
1993,Partlow
1995,Whitehead
1998,Doire
1999,Pearson
2002,Barrett
2003,Battista
2004,Rickman
2005,Marier
2006,Littlejohn
2006,Lasher
2007,Bumgarner
2008,Kirk
2012,Smith
2012,Hunter
2014,Drake
2015,Welch
2015,Patel
2018,Thomas
2021,Lawson
2026,Neel
2031,Turner
2033,Gregorio
2034,Miller
2035,Hall
2037,Mellow
2038,Dudley
2040,Dias
2040,Lindsey
2043,Maynard
2044,Mcentire
2049,Melton
2051,Case
2053,Kirchausen
2054,Griffies
2055,Casillas
2055,Poole
2056,Josephson
2057,Simmons
2059,Barton
2063,Briones
2065,Xie
2065,Thomes
2070,Turnbull
2075,Buckner
2077,Shea
2079,Reddicks
2083,Mathews
2084,Connolly
2087,Chandler
2087,Hernandez
2089,Cousins
2094,Spiers
2095,Johnson
2097,Sullivan
2098,Burchfield
2102,Camden
2108,Bales
2109,Farley
2113,Schubert
2115,Sysyn
2118,Williams
2122,Green
2123,Cirrincione
2136,Brown
2140,Crume
2145,Pille
2146,Baldridge
2148,Martin
2149,Frank
2154,Mendoza
2157,Delamora
2158,Williams
2159,Tomlinson
2160,Ray
2161,Tederous
2166,Porter
2170,Shelton
2173,Kunkel
2173,Haley
2173,Ratcliff
2174,Barajas
2175,Reed
2176,Millican
2177,Ratliff
2181,Dougal
2184,Tusa
2185,Weber
2190,Smiley
2191,Harris
2191,Merchant
2192,Ramos
2195,Rilley
2197,Dejesus
2198,Sansone
2198,Lopez
2198,Moss
2204,Wing
2207,Blake
2207,Rogan
2212,Ellis
2213,Bolden
2219,Mcquay
2220,Levy
2222,Spencer
2228,Wilson
2233,Shaffer
2234,Barrette
2237,Graham
2243,Harris
2246,Zimmerman
2250,Dambrosio
2253,Schultz
2259,Jones
2260,Macias
2260,Westrom
2261,Self
2262,Gill
2264,Oneill
2265,Lowery
2266,Richardson
2267,Cloutier
2269,Peterson
2269,Everson
2270,Urbanek
2271,Cummins
2273,Lambert
2274,Newton
2275,Hunter
2276,Daigle
2276,Suh
2279,Douglas
2281,Riederer
2285,Sonoda
2289,Cantu
2292,Hirkaler
2292,Earheart
2294,Kohler
2294,Rodriguez
2299,Corey
2303,Barrow
2304,Mentz
2305,Huber
2309,Vaccaro
2312,Davidson
2319,Gunning
2322,Kimball
2329,Williams
2331,Nunez
2332,Smiley
2332,Keirnan
2334,Young
2335,Ortega
2338,Powell
2340,Quach
2345,Paxman
2349,Mcgurk
2350,Tweedy
2354,Murphy
2355,White
2357,Wagner
2361,Brackett
2363,Stewart
2366,Londono
2368,Anderson
2369,Bathke
2370,Wade
2373,Bowden
2373,Ramirez
2380,Vickers
2383,Hernandez
2383,Fallis
2384,Ramage
2387,Casey
2387,Mitchell
2391,Honeycutt
2394,Kirby
2396,Johnson
2401,Bell
2405,Kelley
2406,Heilman
2406,Mack
2410,Pelc
2412,Verstraete
2423,Buchanan
2423,Johnson
2424,Rice
2429,Campos
2429,Mcdonald
2434,Cosme
2436,Distasio
2440,Farrer
2447,Dorsey
2450,Turner
2451,Wilson
2451,Hancock
2451,Fields
2453,Lerner
2457,Pollak
2466,Walters
2466,Ivey
2468,Nance
2468,Garcia
2473,Owston
2475,Richardson
2478,Wright
2478,Beaver
2479,Fabian
2480,Scott
2482,Bova
2486,Standley
2488,Huntington
2489,Shuler
2496,Ohara
2501,Murphy
2505,Gregory
2507,Sams
2508,Strickler
2510,Kinsler
2510,Sutherland
2511,Witt
2514,Freeman
2514,Delozier
2515,Rivas
2516,Gore
2523,Allen
2526,Gunderson
2526,Gonzalez
2528,Huls
2528,Jones
2532,Witter
2536,Rhoden
2537,Bell
2538,Socha
2540,Byer
2541,Anderson
2543,Zohn
2552,Stokes
2556,Green
2557,Lisk
2557,Robey
2558,Connolly
2558,Boyd
2559,Schneider
2560,Pullen
2561,Richardson
2561,Higgins
2567,Adkins
2568,Mitchell
2570,Fox
2575,Williams
2576,Baillie
2578,Thieman
2581,Coleman
2581,Leblanc
2582,Hinton
2587,Hong
2588,Yamashita
2591,Hennigan
2599,Copeland
2602,Holt
2605,Stewart
2606,Vy
2610,Kinney
2612,Canelo
2613,Oleary
2614,Clark
2616,Rhinehart
2620,Gordon
2633,Vanalstyne
2643,Tremblay
2645,Lee
2645,Ford
2647,Dullea
2647,Ochoa
2649,Racki
2650,Anderson
2659,House
2663,Roberts
2664,Czarnecki
2665,Blockmon
2667,Moniz
2668,Marshall
2668,Meadows
2669,Hegyi
2672,Hearne
2673,Gannett
2675,Alvarez
2676,Adams
2678,Howarth
2689,Bigelow
2695,Burnett
2696,Vizcarra
2697,Leonard
2699,Chaddock
2702,Murphy
2706,Terrell
2707,Vinson
2708,Franklin
2710,Hedrick
2712,Woods
2713,Hinton
2715,Castillo
2719,Napoleon
2719,Davis
2720,Knotts
2721,Joseph
2722,Mitchel
2722,Ruiz
2723,Price
2725,Wilson
2726,Salisbury
2729,Fitzgerald
2737,Marin
2745,Johnson
2751,Comley
2752,Thompson
2752,King
2756,Todd
2758,Light
2762,Vanderlinde
2763,Deyo
2768,Worth
2770,Leslie
2775,Spencer
2777,Branum
2783,Padilla
2783,Precythe
2786,Egan
2787,Williams
2789,Groll
2789,Bass
2791,Cottle
2798,Quan
2800,Little
2802,Birge
2803,Ramirez
2806,Walter
2810,Webb
2811,Thruston
2814,Deveau
2818,Reed
2818,Weist
2820,Peluso
2820,Chirino
2821,Payson
2824,Brady
2825,Custer
2825,Graham
2825,Hodosy
2827,Humann
2830,Jack
2835,Reyes
2844,Pouncey
2847,Wiseman
2849,Fifield
2849,Johnson
2852,Walsh
2856,Harrod
2858,Ditullio
2859,Pederson
2861,Morrison
2861,Hledik
2862,Nam
2864,Burgos
2864,Harriman
2864,Stringer
2865,Pineda
2865,Blanco
2867,Yee
2867,Acker
2875,Lloyd
2876,Kennedy
2878,Tinajero
2878,Musgrave
2880,Oliver
2883,Griffin
2884,Miner
2886,Henning
2886,Anderson
2886,Garibay
2888,Rieth
2893,Harris
2894,Keenan
2899,Nailor
2901,Foster
2903,Larson
2908,Gulke
2909,Spicer
2910,Loree
2912,Pitts
2913,Sanchez
2914,Smith
2915,Oneal
2919,Sykes
2925,Woods
2929,Bridges
2931,Ledbetter
2939,Travis
2940,Savage
2945,Noel
2947,Rivera
2949,Rauser
2950,Stewart
2954,Wright
2957,Colone
2960,Long
2960,Chandler
2961,Smith
2964,Lesko
2964,Sheneman
2965,Baghdasarian
2965,Serrano
2975,Bingham
2979,Tripp
2984,Bryant
2985,Mcclain
2985,Fowler
2987,Davidson
2991,Brooks
2993,Yutzy
2995,Morgan
