ID,Surname
3,Olga
10,Rita
16,Wilbert
20,Toccara
21,William
22,Jon
23,Jon
24,Crystal
28,George
30,Leroy
30,Jordan
33,Sarah
41,Johnnie
43,Veronica
45,Kristina
47,Anne
48,Moira
49,Ella
54,Stevie
55,Tianna
56,Jane
57,Edna
57,Marie
60,Lorene
66,Arlene
68,Leann
71,Sheila
71,Misty
75,Leroy
75,Margarita
78,Kathleen
78,Pamela
89,Tara
94,Virginia
97,Dale
99,Luis
100,Pearlie
106,Marian
111,Gary
113,Paul
118,Dawn
127,Vannesa
128,Dina
128,David
129,Bill
129,Ana
132,Krystal
139,Anthony
144,Lori
144,Everett
147,Berenice
147,Harry
152,Justine
153,Ruth
156,Michael
159,Edward
160,Frederick
160,Heather
172,Robert
173,Owen
175,Johnny
178,Linsey
180,Paula
182,Precious
184,Amy
187,Michael
188,Eloise
190,Kindra
191,Valerie
195,Michael
195,Kari
195,Rosa
196,Jessie
201,Bonnie
201,David
206,Raymond
207,Matthew
211,Cindy
211,Kim
216,William
218,Linda
220,Edward
220,Robert
227,Edna
227,Elizabeth
230,Kathy
232,Patty
237,Rodney
239,Raymond
242,Edward
243,Robert
246,Teresa
252,Krystal
260,Debra
261,Erin
261,Edward
264,Patsy
264,Gary
267,Jeremy
268,Belinda
268,Jennifer
269,Laura
280,Wanda
282,Mitchell
285,Danny
285,Courtney
287,Clarence
293,Joseph
295,Jennifer
297,Douglas
299,Ashley
300,Jessica
306,Rogelio
308,Dennis
315,Elizabeth
317,Teresa
322,Barry
325,Ramon
326,Lisa
329,James
329,Joanne
332,Angela
333,Donald
333,Katherine
338,Cynthia
340,Charlene
346,Esteban
349,Scott
353,Jaime
354,Tameika
354,Anne
355,Anna
356,John
356,Cyndi
356,Eric
357,David
361,Olga
362,Thomas
364,Norma
366,Jennifer
369,Faith
370,Mayra
373,Raymond
374,Jeffrey
377,Christopher
378,Deb
386,Garnet
387,Dana
398,Cynthia
399,Ashley
400,Penny
406,Janet
408,Elaine
412,Antonio
413,Mitchell
414,Dennis
415,John
415,Susan
418,Jennifer
427,Shelly
431,Violet
433,Alan
440,Andrea
445,Jose
446,Rose
447,Sara
448,Barbara
449,Frank
449,Kim
451,Michael
453,Eddie
453,James
463,Michelle
464,Tony
465,Jeffrey
465,Kristin
466,Anthony
467,Kelly
467,Jack
468,Alex
469,Kathleen
475,Frank
479,Jessica
480,Patrick
483,Donald
486,Henry
491,Meaghan
492,Karin
494,Jose
495,Carlota
496,Susan
498,Jose
500,Adrianne
505,Luann
506,Shane
514,Vernon
515,Kaci
516,Lydia
521,Jay
524,Pamela
528,Yvonne
532,Lucy
534,Rico
538,Jaime
543,Mario
543,Jo
545,Mary
548,Michael
548,Anneliese
554,Darrell
555,Charles
561,Julio
563,Mary
564,Andy
565,Tina
575,Vivian
577,Maria
577,Becky
578,Elizabeth
579,Brenda
582,Margaret
583,Osvaldo
584,Lydia
588,William
590,Deborah
591,Michael
594,Anthony
596,Frank
596,Robert
599,Brenda
601,Michelle
607,Brian
608,Lou
609,Thomas
609,Keith
611,Jeremy
612,Joseph
613,Samantha
614,Ira
619,Lisa
622,Gary
624,Ricky
626,Ronnie
629,Kevin
631,Walter
633,Valeria
636,Blake
636,Dale
636,Melissa
638,Christopher
639,Charlie
639,Virginia
640,Martha
649,Jason
655,Frank
657,Giovanni
658,Judy
659,Maxine
665,Norman
674,Christian
675,Charles
676,Felicia
679,Dallas
688,Lucy
693,Alaina
694,Barbara
694,Paul
695,Anthony
696,Gene
696,William
699,James
699,Andrea
701,Clemmie
702,Arthur
706,Judy
707,Jerry
708,George
709,Robert
717,Jean
718,Efrain
719,Sandra
720,Ralph
722,Robert
725,David
726,Pauline
728,Carly
728,Anna
732,Ruben
733,May
740,Tabitha
740,Robert
744,Angela
745,Kathleen
746,Dorothy
746,Michele
748,Andres
751,Frances
751,Rebekah
754,Sheri
764,Kelly
765,Dorothea
766,John
768,Justin
769,Paul
772,Joan
774,Nathaniel
775,Robert
777,Robin
783,Eddie
784,Anne
785,Larry
788,Jodi
790,Brittany
791,Andrew
794,Ryan
796,Cynthia
797,Mabel
800,Walter
801,Gertrude
802,Joseph
803,John
803,April
812,Carolyn
813,Robert
815,Wendy
818,Veronica
818,Dolly
819,Linda
819,Chuck
830,Deborah
833,Joseph
836,Kevin
836,Jessica
843,Elida
851,William
851,Phyllis
855,Florence
861,Jean
866,Judy
869,Cathleen
874,Maria
877,Taylor
878,David
878,Ronald
878,Jeffrey
881,Jason
881,Hilda
882,Gloria
883,Mildred
884,Patti
885,Gregory
886,Jeffrey
888,Tommy
890,Steven
890,Steve
890,Matthew
892,Gail
893,Michael
894,Christopher
895,Kari
896,Reyna
901,Daisy
902,Michael
903,Megan
905,David
908,Richard
908,Rogelio
909,Veronica
914,Rachel
916,Laura
917,Michael
918,Aaron
918,Craig
919,Dorothy
922,Dina
924,Dale
930,Robert
931,Nicole
932,Stephen
937,Laura
937,Jacob
941,Jesse
942,Christine
943,Steven
945,Harold
945,Pamela
946,Roberto
946,Laura
949,Velva
949,James
951,Thomas
952,Robert
955,Erin
956,Rocco
957,Charles
961,Gary
962,Celia
962,Leonard
966,Kevin
966,Toni
968,Christine
969,Earl
969,Stephen
972,Amos
977,Bessie
979,Kelly
981,Ruben
981,Orpha
984,Anna
985,Andre
986,Colin
989,Jena
990,Norman
991,Henry
992,Douglas
993,Everett
994,Clara
994,Geneva
996,Hazel
1002,James
1004,Tony
1006,Julie
1011,Lillie
1015,Erasmo
1021,Edwin
1022,Misty
1024,Mollie
1027,Melinda
1032,Billy
1036,Claude
1036,Thomas
1037,Donnie
1038,Jay
1041,Michelle
1042,Joseph
1047,Benjamin
1048,Robert
1058,Ronald
1058,Paulette
1062,Eugenia
1069,Adelaide
1075,Lorna
1076,Geraldine
1077,Stephanie
1079,Margaret
1080,Thelma
1080,Marcia
1082,Barbara
1085,Alvin
1086,Scott
1090,Lisa
1092,Corrina
1095,John
1095,Johnny
1096,John
1097,Steven
1098,Marie
1098,Fred
1109,Lula
1110,Gordon
1114,Richard
1117,Ronnie
1120,William
1120,Sherry
1123,Robert
1124,Chris
1124,Maribel
1128,Sandra
1128,Donovan
1129,Faye
1135,Kristie
1137,Lee
1138,Patrice
1138,Joseph
1143,Richard
1143,Robert
1144,Pauline
1147,Samuel
1148,Phillip
1152,Blanca
1154,William
1158,Alice
1165,Bernadette
1168,Sherry
1169,John
1170,George
1171,Ken
1172,George
1173,Samuel
1173,Mary
1174,Gerald
1176,Tammy
1179,Alice
1179,Jonathan
1186,Roger
1190,Irvin
1190,Jason
1198,Aida
1203,Howard
1204,Travis
1206,David
1210,Mary
1213,Lora
1214,Deborah
1216,Blair
1221,Nina
1223,Rosa
1224,Jane
1225,Carmen
1225,Lily
1225,Michael
1226,Paula
1227,James
1228,Reed
1228,Lauren
1233,David
1237,Michael
1242,Wanda
1243,Cindi
1244,Amanda
1246,Kay
1248,Christopher
1253,Annette
1254,Richard
1255,Diane
1260,James
1260,Gerald
1262,Emory
1264,Andres
1278,Javier
1279,Cathy
1282,William
1288,Mae
1291,Naomi
1292,Edwin
1293,Aaron
1295,Dora
1296,Norman
1299,Dustin
1304,Sylvia
1306,Sarah
1308,Jessie
1308,Melody
1313,Carol
1321,Terry
1324,Theodore
1325,Paul
1329,Randolph
1334,Stacy
1340,David
1341,Rachel
1344,Emilio
1345,Jodie
1347,Eleanore
1348,Raul
1351,Jennifer
1353,Jean
1356,Kerry
1357,Bill
1360,Gregory
1362,Carol
1362,Marilyn
1363,Cynthia
1363,Brittany
1366,Carol
1368,Joseph
1370,Michael
1370,Margaret
1371,Aaron
1371,Velma
1373,Kathleen
1378,Erica
1400,Bettie
1404,Christopher
1404,Kenneth
1407,Joann
1409,Eugene
1409,Eugene
1416,Steve
1418,Craig
1429,Edward
1430,Jack
1435,Martha
1436,Joseph
1436,Anthony
1437,John
1437,Kelley
1441,David
1443,Drew
1444,Dorothy
1449,Matthew
1455,Lonnie
1456,Robert
1457,Clair
1462,Rosie
1463,Dan
1467,Rebecca
1470,Anne
1474,Tamara
1476,Deborah
1477,Anna
1479,Marvin
1481,Josie
1482,Virginia
1494,Eleanor
1495,Nicole
1495,Pamela
1496,Shane
1503,John
1503,Mohamed
1506,Gladys
1506,Jose
1511,Jerry
1518,Lynn
1519,Amber
1519,Anna
1521,Tom
1522,Cheryl
1523,Michael
1530,Julius
1532,Shirley
1538,Ruben
1538,Thomas
1540,Timothy
1545,Lisa
1554,Julie
1559,Brian
1563,Beatris
1564,Joshua
1566,Brian
1567,Ruby
1574,Delores
1580,Donald
1584,Maria
1585,Lucien
1593,William
1595,Deloris
1596,Hazel
1597,Irma
1597,Steven
1602,Dorothy
1606,Helen
1607,Juanita
1612,Benedict
1614,Mattie
1615,Jesus
1616,Rosario
1617,James
1621,Carl
1623,Maria
1624,Clifford
1628,Kimberly
1633,Mary
1636,Belinda
1637,Robin
1637,Herbert
1645,Kimberly
1646,David
1652,Rudolph
1654,Sandra
1658,Jeremiah
1660,Roger
1665,Anthony
1668,John
1672,Willie
1674,Nathan
1679,William
1684,Kelvin
1685,Gerard
1687,Ronald
1687,Liana
1687,Thomas
1691,John
1695,Gilda
1699,Edwin
1699,Brad
1700,Elizabeth
1702,Michael
1705,Brian
1708,Jennifer
1712,Isabella
1712,Charles
1713,Liza
1715,Terry
1717,Clyde
1717,Carson
1722,Barbara
1724,Bradley
1727,Brenda
1728,Bonnie
1731,Maureen
1735,Sidney
1739,Christine
1741,Richard
1746,Wm
1748,Shawn
1753,Wanda
1753,Carol
1754,Dayle
1754,Rodney
1756,Russell
1761,Marco
1763,Debbie
1765,Brenda
1769,Angel
1773,Kevin
1774,Keesha
1774,Elizabeth
1775,Michael
1777,Darren
1782,Danny
1783,Harry
1783,Shirley
1785,Marjorie
1787,Patricia
1789,James
1792,Roosevelt
1795,Julie
1796,Rachael
1801,Judy
1805,David
1806,Thelma
1810,David
1810,Edward
1814,Gerald
1814,Cheryl
1815,Lorie
1816,Joel
1824,Vince
1829,Ann
1829,Karen
1830,Rosa
1831,Jacquelin
1832,Mable
1832,Lana
1835,Michael
1837,David
1837,Mike
1838,Johnny
1838,Margaret
1839,Ross
1845,Kennith
1846,Katherine
1848,Adrienne
1851,Anne
1853,Kelsi
1854,Amanda
1858,Matthew
1860,Evan
1862,Janet
1862,Cruz
1868,Gary
1872,Levi
1873,Lisa
1885,Elda
1887,Edward
1891,Karen
1891,Mary
1892,Joann
1896,Terry
1896,Chad
1896,Cindy
1897,Daryl
1902,Quinn
1904,Barbara
1907,Deborah
1907,Sylvester
1910,Lauren
1911,Will
1914,Russell
1915,Edgar
1916,Luther
1917,Robert
1921,Helen
1922,Robin
1923,Vicki
1923,Henry
1925,Mike
1927,Daniel
1931,Gerald
1936,David
1938,Ruth
1938,Nicole
1941,Andrew
1942,Donald
1949,Barbara
1951,Doris
1952,Brittany
1953,Fannie
1954,Elizabeth
1955,Terry
1959,Micheal
1959,Michael
1960,Maria
1962,Kim
1963,John
1964,Addie
1964,David
1965,Erica
1966,Alva
1972,Jean
1973,Myrle
1975,Bonnie
1979,Deanne
1980,Carrie
1983,Douglas
1989,Maxwell
1993,Lillian
2001,Vivian
2003,Deborah
2004,Terri
2009,Loan
2012,Steven
2015,Patrice
2015,Mary
2016,Jeffrey
2018,Mary
2018,Frank
2019,Isabel
2020,Judith
2021,Jason
2025,Brian
2025,Robert
2026,Michael
2029,Leo
2032,Violet
2033,Mary
2034,Jim
2038,Yong
2040,Marlene
2041,Racquel
2044,Hallie
2046,Elizabeth
2047,Bernard
2049,David
2051,Norman
2053,Brooke
2058,Claudia
2060,James
2065,Jon
2066,Lorena
2072,Edward
2076,Suzan
2079,Megan
2079,Steven
2080,Daniel
2084,David
2085,Laura
2087,Gavin
2090,Mary
2091,Michele
2093,Frieda
2097,Patricia
2097,Jeffrey
2098,Barbara
2098,Faustino
2102,Minnie
2103,Fidel
2105,Sharon
2109,Donna
2112,Fern
2112,Michelle
2112,Nancy
2117,Eileen
2117,John
2120,Denise
2121,Greg
2122,Tammy
2127,Rebecca
2129,Kevin
2131,Constance
2132,Margaret
2132,Greta
2133,Wanda
2134,Robert
2137,Roscoe
2141,Jodie
2146,Amanda
2147,Candace
2149,Terry
2152,Glenn
2154,Wayne
2155,Eleanor
2157,Scott
2158,Eduardo
2166,Morgan
2168,Robert
2177,Minh
2177,Jerry
2177,Carlos
2179,Mary
2179,Charles
2180,Nicole
2181,Patricia
2182,Kenneth
2191,Keith
2192,Kevin
2196,Jennifer
2200,Bobbie
2200,John
2201,Cornelia
2201,Bertha
2202,Daniel
2204,Calvin
2205,Janet
2206,Stephanie
2207,Rebecca
2208,John
2210,Charles
2213,Leonard
2217,Theodore
2217,Danielle
2220,Dawn
2221,Crystal
2227,Ralph
2230,Kevin
2232,Michael
2234,Ramona
2236,Joanna
2237,Crystal
2237,Thomas
2239,Michael
2241,Truman
2242,Pat
2244,Nathan
2246,Steven
2251,Danielle
2251,Lyle
2262,Marva
2263,Geralyn
2263,Guy
2265,Harold
2266,Linda
2267,Johnny
2267,George
2268,Kathleen
2270,Eugene
2270,Connie
2271,Leon
2274,Damien
2277,Brian
2278,Larry
2279,Natalie
2280,Elvina
2281,Omar
2282,David
2285,Jeanne
2287,Laura
2291,Sharon
2292,Keven
2295,Louise
2297,Marie
2298,Edith
2304,Alice
2307,Leroy
2309,Edna
2314,Sammy
2314,Ruth
2316,Deborah
2319,Juan
2320,Gene
2322,Stacey
2322,Elijah
2322,Louis
2325,Mary
2326,Donald
2328,Susan
2333,Allie
2333,Tanisha
2336,Pauline
2336,Patrick
2337,Herschel
2337,Nathaniel
2338,Elizabeth
2343,Fred
2344,Katrina
2345,Sybil
2345,Roberta
2352,Raquel
2358,Natasha
2358,Magdalena
2362,Manuel
2364,Elizabeth
2366,Laura
2368,Imogene
2371,Elizabeth
2373,John
2374,Belinda
2377,Gloria
2378,Mark
2378,Shirley
2380,Donald
2384,John
2391,David
2392,Joey
2394,Phyllis
2396,Carmen
2398,Lance
2398,Barbara
2400,Andrew
2403,Wendy
2404,Marianne
2404,Ida
2405,Michael
2407,Judy
2412,Ellen
2415,Sharon
2415,Jo
2419,Anna
2419,Twila
2419,Jennifer
2421,Claudia
2421,Hazel
2423,Marvin
2432,Patricia
2433,Nicole
2435,Kevin
2436,Kenneth
2438,Herman
2438,Paul
2439,Ryan
2440,Violet
2444,Jeffrey
2445,Kenneth
2446,Carolyn
2450,Todd
2464,Katrina
2465,Janice
2469,Leigh
2470,Jessica
2471,Denise
2481,Patricia
2481,Joseph
2482,Margot
2483,Patricia
2485,Michele
2486,Daniel
2486,Mary
2489,Brenda
2490,Beverly
2490,Alexander
2493,Tiffany
2495,Kenneth
2502,Russell
2512,Vera
2514,Jeffrey
2515,Tammy
2515,Sharon
2517,Steven
2519,Jenni
2519,Sylvia
2524,Marvin
2524,Joann
2525,Carole
2527,Joseph
2528,Catherine
2529,Mary
2530,Theodore
2534,Marcia
2547,Justin
2548,Sandra
2549,Levi
2563,Anne
2565,Michael
2566,Scott
2569,Tanner
2570,Carmen
2574,Mary
2577,Stuart
2582,Marvin
2586,Rose
2587,Wendell
2591,William
2592,Charles
2594,Amanda
2594,Terry
2599,Kelly
2599,Daniel
2603,Anne
2604,Margaret
2605,Mary
2608,Eileen
2609,Donald
2612,Bob
2612,Donald
2613,Jerome
2617,Vincent
2622,Jeff
2622,Glenda
2623,Francis
2625,George
2627,Curtis
2630,William
2632,Charles
2636,William
2640,Laura
2640,Jack
2642,Billy
2644,Paul
2647,Ernesto
2649,Stacey
2651,Lou
2651,Megan
2654,Ethel
2654,Lauren
2661,Rodney
2664,David
2665,David
2665,Hector
2668,Linda
2671,Cynthia
2672,Dale
2673,Mary
2675,John
2676,Cody
2676,Kyle
2678,Robin
2678,Elaine
2679,Shelley
2680,Rebecca
2683,Daniel
2685,Kari
2685,Ruby
2686,Magda
2690,Jeffrey
2694,Karolyn
2698,Toni
2702,Brenda
2704,Heath
2706,Warren
2708,Donald
2709,Carol
2711,William
2712,Mark
2715,Rebecca
2717,Annette
2721,Paul
2721,Dorthy
2722,Charlene
2723,Carolyn
2725,Adam
2729,Glenda
2730,Deborah
2731,Todd
2733,Warren
2734,Eddie
2738,Richard
2738,Catherine
2738,Susan
2740,Theresa
2743,Maureen
2743,Jeremiah
2744,Theodore
2748,Joshua
2751,Charles
2755,Robert
2758,Thomas
2758,Linda
2759,Marisela
2760,Lela
2761,Charles
2765,Michael
2767,Lucas
2770,Jonathan
2771,Angie
2772,Gaye
2773,Justin
2774,Jeffrey
2777,Patricia
2779,Mark
2781,Evan
2781,Mauro
2783,Kevin
2784,Daphine
2786,Lillian
2789,Michael
2789,John
2794,David
2796,Lolita
2798,Daniel
2798,Mike
2799,Stephen
2801,Richard
2801,Christina
2806,Scott
2810,April
2811,Milton
2817,Clarissa
2818,Sharon
2820,Kathryn
2821,Wilson
2827,Jeremy
2827,Terry
2828,Peter
2831,Tina
2832,George
2834,Stephen
2835,Alfred
2841,Brandon
2844,Kevin
2847,Malcolm
2847,Angie
2855,Janet
2857,Timothy
2858,Scott
2859,Andrea
2861,Henry
2863,Lenora
2866,Ebony
2867,Kristina
2869,Jane
2870,Bonnie
2872,Douglas
2873,Jenelle
2875,Pamela
2875,Robert
2876,Kathy
2882,Ruby
2884,Edwin
2885,Mary
2888,Elizabeth
2890,Gary
2890,Jessica
2891,Ronald
2892,Paul
2892,Shirley
2895,Cynthia
2897,Thomas
2903,Evangeline
2905,Kyle
2910,Kevin
2914,Kendall
2916,Mark
2918,William
2921,Bethany
2921,Loretta
2924,Mary
2929,Ronald
2935,James
2935,Pamela
2936,Susan
2937,Tami
2940,Christina
2941,Wade
2945,Raymond
2946,Alana
2947,Ian
2950,Mary
2952,Catherine
2953,Daniel
2962,Patricia
2963,Anita
2965,Joseph
2982,Carol
2983,Suzanne
2987,Cindy
2988,Janet
2995,Sonya
