ID,payload,sendTo
9,Julie,S5
16,Jimmy,S1
16,Jimmy,S3
16,Jimmy,S4
33,Nicholas,S1
33,Nicholas,S2
33,Nicholas,S4
42,James,S0
42,James,S5
43,Kirk,S2
43,Kirk,S5
44,James,S3
45,Keith,S1
45,Keith,S4
45,Keith,S5
79,Robert,S2
79,Robert,S3
102,Willie,S3
102,Willie,S5
123,Travis,S2
123,Travis,S4
155,Daniela,S2
155,Daniela,S5
165,Norma,S0
165,Norma,S2
165,Norma,S5
174,Larry,S0
203,James,S2
203,James,S3
203,James,S5
209,Laura,S4
211,Constance,S0
211,Constance,S3
211,Constance,S4
216,Jesus,S1
216,Jesus,S3
217,Robert‖Diane,S0
217,Robert‖Diane,S4
228,Joe,S1
228,Joe,S4
231,Alma,S2
231,Alma,S3
231,Alma,S5
235,Brenda,S0
235,Brenda,S3
246,Chelsea,S1
246,Chelsea,S4
246,Chelsea,S5
264,Ron,S3
264,Ron,S4
266,Daniel,S0
266,Daniel,S2
266,Daniel,S3
277,Kim,S3
277,Kim,S4
277,Kim,S5
285,John,S0
285,John,S3
306,Anthony,S0
306,Anthony,S1
306,Anthony,S5
307,Todd,S2
307,Todd,S4
307,Todd,S5
334,Al,S1
334,Al,S2
334,Al,S5
373,Joyce,S1
373,Joyce,S3
373,Joyce,S5
381,Marlene,S2
381,Marlene,S4
416,Eleanor,S3
416,Eleanor,S4
416,Eleanor,S5
425,Marlene,S1
425,Marlene,S5
427,Patricia,S1
427,Patricia,S2
441,Rodrigo,S3
441,Rodrigo,S4
456,Mario,S0
456,Mario,S1
456,Mario,S4
469,Robert,S1
469,Robert,S2
474,Christopher,S0
474,Christopher,S5
480,Pete,S0
480,Pete,S2
480,Pete,S3
485,Leonard,S2
485,Leonard,S4
508,Anthony,S0
508,Anthony,S2
510,Myrtle,S0
510,Myrtle,S5
515,Todd,S5
538,Tina,S0
538,Tina,S4
538,Tina,S5
554,Jose,S1
554,Jose,S5
565,Juan,S1
568,Mae‖David,S2
568,Mae‖David,S4
569,Porfirio,S1
569,Porfirio,S2
569,Porfirio,S3
581,Reed,S0
585,Paige,S3
586,Ricardo,S3
586,Ricardo,S5
594,Earlene,S3
598,Jane,S3
598,Jane,S4
598,Jane,S5
610,Reba,S1
610,Reba,S3
610,Reba,S4
620,Wanda,S0
620,Wanda,S3
620,Wanda,S4
628,John,S4
628,John,S5
631,Antoinette,S1
631,Antoinette,S0
631,Antoinette,S5
637,Alice,S2
637,Alice,S4
637,Alice,S5
655,June,S2
655,June,S3
655,June,S5
662,Michael,S4
662,Michael,S5
666,Jose,S3
666,Jose,S5
681,Violet,S2
681,Violet,S5
684,Kirk,S1
684,Kirk,S2
684,Kirk,S3
691,Joshua,S0
691,Joshua,S3
709,Leann,S0
709,Leann,S2
728,Natasha,S0
728,Natasha,S4
738,Donald,S1
738,Donald,S2
750,Ruth,S3
750,Ruth,S4
750,Ruth,S5
751,Margaret,S0
751,Margaret,S2
751,Margaret,S3
780,Stuart,S3
780,Stuart,S4
793,James,S0
793,James,S5
814,Kim,S0
814,Kim,S4
827,Eric,S1
827,Eric,S0
834,Amy,S0
834,Amy,S2
834,Amy,S4
835,Janessa,S0
835,Janessa,S2
850,Jessica‖Jonathan,S1
850,Jessica‖Jonathan,S4
862,Shari,S1
862,Shari,S0
862,Shari,S4
872,Jessica,S5
876,Christopher,S2
876,Christopher,S4
876,Christopher,S5
889,Anna‖Rosemary,S0
889,Anna‖Rosemary,S3
908,Leslie,S0
908,Leslie,S4
908,Leslie,S5
922,George,S2
922,George,S3
949,Elaine,S2
963,Carlotta,S0
963,Carlotta,S2
967,Rocky,S4
988,Susie,S3
988,Susie,S5
992,Alejandra,S0
992,Alejandra,S4
992,Alejandra,S5
993,Sherry,S0
993,Sherry,S2
993,Sherry,S5
1007,Douglas,S0
1007,Douglas,S5
1025,Darlene,S0
1025,Darlene,S1
1026,Nora,S2
1026,Nora,S5
1039,Nicole,S2
1039,Nicole,S1
1060,Jessica,S3
1060,Jessica,S4
1062,John,S2
1062,John,S1
1062,John,S5
1063,Brian,S1
1063,Brian,S4
1064,Donald,S0
1064,Donald,S5
1072,Efren,S0
1072,Efren,S3
1072,Efren,S4
1092,Cassie,S1
1092,Cassie,S4
1092,Cassie,S5
1107,Andre,S0
1107,Andre,S5
1137,Buffy,S1
1137,Buffy,S5
1149,Sandra,S1
1151,Helen,S1
1151,Helen,S3
1154,David,S3
1154,David,S5
1159,Celesta,S2
1159,Celesta,S4
1163,Deloris,S2
1163,Deloris,S1
1163,Deloris,S5
1166,Lane,S2
1166,Lane,S0
1171,Louise,S1
1171,Louise,S5
1182,Louanne,S0
1182,Louanne,S3
1225,Victoria,S2
1225,Victoria,S1
1225,Victoria,S4
1255,Julia,S3
1255,Julia,S4
1270,Jay‖Mathew,S0
1270,Jay‖Mathew,S4
1270,Jay‖Mathew,S5
1272,Steven,S3
1273,Robert,S2
1273,Robert,S0
1287,William,S4
1287,William,S5
1288,Emily,S1
1288,Emily,S3
1288,Emily,S4
1289,Michelle,S2
1294,Edward,S2
1294,Edward,S0
1294,Edward,S4
1296,Amy,S3
1296,Amy,S5
1311,Karen,S3
1311,Karen,S4
1327,Fermin,S2
1327,Fermin,S5
1329,Willis,S2
1329,Willis,S0
1329,Willis,S3
1334,Jose,S2
1334,Jose,S0
1334,Jose,S5
1337,Helen,S2
1337,Helen,S1
1337,Helen,S5
1340,Eva,S2
1340,Eva,S0
1340,Eva,S4
1343,Anna,S1
1343,Anna,S3
1343,Anna,S4
1354,Elizabeth,S3
1354,Elizabeth,S5
1361,Odell,S4
1370,Rosalie,S3
1370,Rosalie,S5
1373,Shaun,S5
1398,John,S4
1401,Joey,S2
1401,Joey,S0
1403,Jacqueline,S1
1403,Jacqueline,S4
1403,Jacqueline,S5
1404,Kenneth,S0
1404,Kenneth,S1
1404,Kenneth,S5
1415,Lisa,S3
1415,Lisa,S5
1417,Mary,S2
1417,Mary,S1
1417,Mary,S5
1424,Carl,S1
1424,Carl,S4
1434,Kendra,S2
1434,Kendra,S4
1440,Thelma,S2
1440,Thelma,S0
1440,Thelma,S1
1441,Ashley,S1
1441,Ashley,S5
1443,James,S0
1443,James,S4
1443,James,S5
1446,Blanche,S2
1446,Blanche,S4
1463,Betty,S4
1472,Evelyn,S1
1472,Evelyn,S3
1472,Evelyn,S5
1475,Robert,S2
1484,Derek,S0
1484,Derek,S1
1484,Derek,S5
1488,Darrell,S2
1488,Darrell,S1
1488,Darrell,S3
1491,Tammy,S0
1491,Tammy,S1
1516,Stephen,S0
1516,Stephen,S1
1516,Stephen,S2
1527,Mary,S3
1527,Mary,S5
1528,Spencer‖Todd,S3
1528,Spencer‖Todd,S0
1535,Maxine,S3
1535,Maxine,S0
1536,Maude,S0
1536,Maude,S1
1536,Maude,S2
1537,Penny,S1
1543,Mary,S3
1543,Mary,S0
1543,Mary,S2
1549,Cindy,S2
1549,Cindy,S4
1559,Patricia,S3
1559,Patricia,S4
1559,Patricia,S5
1561,Billy,S3
1561,Billy,S1
1561,Billy,S5
1571,Robyn,S4
1581,Steven,S1
1581,Steven,S2
1581,Steven,S4
1582,Bonnie,S0
1582,Bonnie,S4
1593,Elena,S3
1593,Elena,S0
1593,Elena,S2
1622,Robert,S0
1622,Robert,S5
1631,Lakeisha,S0
1649,Carolina,S3
1649,Carolina,S5
1653,Jennifer,S0
1653,Jennifer,S2
1670,Brett,S3
1670,Brett,S2
1671,Adell,S5
1677,Adam,S3
1677,Adam,S2
1677,Adam,S5
1685,Hazel,S3
1685,Hazel,S2
1695,Maria,S1
1695,Maria,S2
1695,Maria,S4
1700,Joseph,S3
1700,Joseph,S0
1719,Bryan,S0
1733,Joseph,S3
1733,Joseph,S4
1742,Suzanne‖Lisa,S2
1742,Suzanne‖Lisa,S4
1758,Gene,S0
1758,Gene,S5
1777,Anna,S0
1777,Anna,S4
1818,Gus,S3
1818,Gus,S0
1829,Myron,S0
1829,Myron,S1
1829,Myron,S2
1841,Mary,S0
1841,Mary,S2
1845,Tanya,S0
1845,Tanya,S2
1853,Nancy,S3
1853,Nancy,S4
1863,Elizabeth,S3
1863,Elizabeth,S5
1901,Patricia‖Jennifer,S5
1915,Erica‖Frank,S3
1915,Erica‖Frank,S5
1930,Holly,S0
1930,Holly,S2
1930,Holly,S4
1931,Thomas,S3
1931,Thomas,S0
1931,Thomas,S4
1937,Suzanne,S0
1937,Suzanne,S5
1945,Esther,S0
1945,Esther,S1
1945,Esther,S5
1952,Irene,S2
1952,Irene,S5
1975,Erica,S3
1975,Erica,S4
1977,Dawn,S3
1977,Dawn,S1
1977,Dawn,S5
1991,Bonnie,S2
1991,Bonnie,S4
1994,Jennifer,S1
1994,Jennifer,S4
1994,Jennifer,S5
1996,William,S0
1996,William,S2
2000,Adelaida,S2
2000,Adelaida,S3
2007,Josephine,S0
2007,Josephine,S3
2008,Yvonne,S4
2010,Wayne,S4
2010,Wayne,S0
2010,Wayne,S2
2015,Devin,S4
2015,Devin,S2
2015,Devin,S5
2017,Carl,S0
2017,Carl,S1
2028,Robert,S1
2028,Robert,S2
2049,Kristian,S1
2049,Kristian,S2
2052,Belinda,S4
2052,Belinda,S2
2052,Belinda,S3
2057,John,S0
2057,John,S3
2057,John,S5
2065,Todd,S3
2065,Todd,S5
2071,Maud,S4
2071,Maud,S3
2088,Wendy,S4
2088,Wendy,S3
2097,Marie,S4
2097,Marie,S1
2097,Marie,S5
2101,Robert,S4
2101,Robert,S5
2104,Brian,S1
2104,Brian,S3
2110,Charles,S1
2110,Charles,S5
2116,Donna,S0
2116,Donna,S1
2116,Donna,S3
2126,Jessica,S5
2129,Ruth,S4
2129,Ruth,S0
2132,Brian,S1
2132,Brian,S3
2158,Elise,S4
2158,Elise,S2
2174,Michele,S0
2174,Michele,S2
2174,Michele,S3
2188,Joseph,S4
2189,David,S4
2189,David,S3
2189,David,S5
2194,Cynthia,S1
2194,Cynthia,S2
2200,Ada,S2
2200,Ada,S5
2209,Nancy,S0
2209,Nancy,S2
2223,Phillip,S4
2247,Elizabeth,S0
2247,Elizabeth,S2
2248,Catherine,S4
2248,Catherine,S1
2266,Bonnie,S1
2266,Bonnie,S3
2331,Harry,S4
2331,Harry,S5
2338,Kathy,S0
2338,Kathy,S1
2338,Kathy,S5
2355,Carrie,S3
2356,Betty,S0
2356,Betty,S1
2356,Betty,S3
2370,Mary,S1
2370,Mary,S5
2380,Lawrence‖James,S4
2390,Susan‖Debra,S5
2392,William,S4
2392,William,S3
2406,Ruby,S4
2406,Ruby,S0
2414,George‖Henry,S0
2414,George‖Henry,S2
2423,Jesus,S0
2423,Jesus,S1
2423,Jesus,S3
2427,Heather,S1
2427,Heather,S2
2427,Heather,S3
2439,Amy,S3
2440,Judy,S4
2440,Judy,S2
2444,Darron,S1
2444,Darron,S2
2447,Edward,S4
2447,Edward,S2
2448,Jessica,S3
2448,Jessica,S5
2453,Michele,S3
2461,Lawrence,S3
2461,Lawrence,S5
2466,Taryn,S4
2466,Taryn,S2
2468,Peggy,S0
2468,Peggy,S3
2482,Julie,S4
2482,Julie,S2
2495,Steven‖Jo,S4
2495,Steven‖Jo,S1
2495,Steven‖Jo,S2
2517,Carolyn,S0
2517,Carolyn,S2
2517,Carolyn,S3
2520,Samuel,S0
2520,Samuel,S1
2520,Samuel,S3
2531,Justin,S3
2557,Danial,S1
2557,Danial,S2
2559,Mary,S1
2559,Mary,S4
2583,Betty,S0
2583,Betty,S4
2595,Elizabeth,S5
2597,Lawrence,S5
2597,Lawrence,S3
2601,Dallas,S1
2601,Dallas,S2
2601,Dallas,S3
2611,David,S5
2611,David,S1
2611,David,S4
2617,Nancy,S5
2617,Nancy,S0
2617,Nancy,S1
2623,Florence,S1
2623,Florence,S2
2625,Sean,S0
2625,Sean,S3
2628,Julia,S5
2628,Julia,S2
2628,Julia,S3
2658,Maribel,S5
2658,Maribel,S3
2658,Maribel,S4
2664,Joseph‖Miriam,S5
2664,Joseph‖Miriam,S2
2665,Annette,S2
2665,Annette,S3
2665,Annette,S4
2670,Kareem,S5
2670,Kareem,S1
2671,Clara,S3
2671,Clara,S4
2690,Debra,S5
2690,Debra,S1
2690,Debra,S4
2696,Jimmy,S5
2696,Jimmy,S0
2715,Anna,S5
2715,Anna,S2
2719,Ingrid‖Stella,S3
2719,Ingrid‖Stella,S4
2720,William,S0
2720,William,S1
2720,William,S3
2745,Lloyd,S1
2745,Lloyd,S2
2762,Heather,S1
2762,Heather,S3
2762,Heather,S4
2765,Chester,S3
2774,Sandra,S5
2775,William,S2
2775,William,S3
2786,Eva‖Richard,S5
2794,Adrian,S5
2794,Adrian,S0
2794,Adrian,S2
2798,Caridad,S5
2798,Caridad,S0
2800,Beulah,S5
2800,Beulah,S1
2809,James,S0
2809,James,S4
2810,Melissa,S0
2810,Melissa,S1
2810,Melissa,S4
2813,Keith,S1
2813,Keith,S4
2814,William,S2
2814,William,S4
2817,Henry,S5
2817,Henry,S0
2817,Henry,S1
2824,Nancy,S4
2844,Marcia,S1
2844,Marcia,S2
2852,Paul,S2
2858,Emma,S3
2858,Emma,S4
2870,Susan,S5
2870,Susan,S1
2870,Susan,S2
2884,Janet,S0
2884,Janet,S1
2905,Brian,S5
2905,Brian,S2
2905,Brian,S3
2917,Jennifer,S5
2917,Jennifer,S3
2950,James,S0
2950,James,S1
2950,James,S4
2954,Hilda‖Sterling,S0
2954,Hilda‖Sterling,S3
2960,Edward,S5
2960,Edward,S4
2974,Norman,S2
3,Lopez,R0
3,Lopez,R2
3,Lopez,R3
3,Lopez,R5
19,Cisneros,R2
19,Cisneros,R3
20,Standifer,R0
20,Standifer,R1
22,Crawford,R2
23,Woods,R2
23,Woods,R4
26,Freidman,R3
26,Freidman,R4
28,Bryant,R2
29,Wood,R1
29,Wood,R3
31,Welsh,R1
31,Welsh,R4
31,Welsh,R5
32,Murdock,R4
34,Hansen,R1
34,Hansen,R2
34,Hansen,R4
34,Hansen,R5
36,Bain,R1
36,Bain,R2
36,Bain,R4
38,Hooper,R3
38,Hooper,R4
38,Hooper,R5
40,Dowell,R3
46,Halliday,R3
46,Halliday,R4
48,Blair‖Hays,R2
48,Blair‖Hays,R3
49,Fifer,R0
49,Fifer,R3
49,Fifer,R5
51,Enyart,R1
53,Henslee,R0
53,Henslee,R1
53,Henslee,R5
55,Bostwick,R0
55,Bostwick,R1
57,Cooper,R4
59,Woods,R1
59,Woods,R4
60,Garcia,R0
60,Garcia,R2
60,Garcia,R5
62,Shumpert‖Toevs,R1
62,Shumpert‖Toevs,R4
62,Shumpert‖Toevs,R5
65,Yang,R2
65,Yang,R5
68,Arellano,R4
70,Little,R1
74,Mota,R2
74,Mota,R3
74,Mota,R4
78,Garrett‖Latham,R2
78,Garrett‖Latham,R5
80,Conteh,R0
80,Conteh,R2
80,Conteh,R5
81,Preston,R1
81,Preston,R2
81,Preston,R3
85,Byrd,R0
85,Byrd,R1
85,Byrd,R3
85,Byrd,R5
91,Pierce,R3
91,Pierce,R4
92,Campbell,R2
92,Campbell,R4
92,Campbell,R5
101,Kolmer,R4
101,Kolmer,R5
104,Mcgee,R1
107,Emery,R0
107,Emery,R3
107,Emery,R5
110,Goshorn,R1
110,Goshorn,R4
111,Bono,R1
111,Bono,R4
111,Bono,R5
112,Franklin,R1
112,Franklin,R2
112,Franklin,R5
115,Muise,R2
122,Lavender,R0
122,Lavender,R3
122,Lavender,R4
127,Neal,R2
127,Neal,R3
127,Neal,R4
139,Hart,R3
145,Fitzsimmons,R1
145,Fitzsimmons,R3
145,Fitzsimmons,R5
153,Ingersoll,R2
157,Estrada,R1
157,Estrada,R2
159,Davis,R2
160,Jankowski,R2
160,Jankowski,R3
160,Jankowski,R5
166,Railey,R3
166,Railey,R4
167,Svec,R1
167,Svec,R3
173,Menard,R1
173,Menard,R2
175,Anson,R0
175,Anson,R3
177,Murch,R0
177,Murch,R3
177,Murch,R5
178,Holly,R0
178,Holly,R1
178,Holly,R3
180,Palley,R0
180,Palley,R1
180,Palley,R3
184,Mccabe,R4
195,Dudziak,R2
195,Dudziak,R5
196,Bebout,R3
196,Bebout,R4
196,Bebout,R5
197,Shanker,R0
197,Shanker,R2
197,Shanker,R5
198,Bissonnette,R1
198,Bissonnette,R5
202,Mcdaniel,R5
204,Musser‖Heckman,R1
204,Musser‖Heckman,R3
206,Ross,R0
206,Ross,R5
212,Ramirez‖Painter,R1
212,Ramirez‖Painter,R3
212,Ramirez‖Painter,R4
218,Gutirrez,R1
218,Gutirrez,R3
218,Gutirrez,R5
222,Mcghee,R4
222,Mcghee,R5
225,Guerrero,R1
225,Guerrero,R4
226,Rener,R0
226,Rener,R1
226,Rener,R2
226,Rener,R3
240,Abney,R3
240,Abney,R4
241,Robertson,R1
244,Washington,R1
244,Washington,R5
247,Porter,R0
247,Porter,R2
252,Lopez,R3
252,Lopez,R4
255,Thomas,R1
256,Wohlert,R1
263,Dehetre,R0
263,Dehetre,R5
270,Webb,R4
274,Smith,R3
276,Hamons,R0
278,Petrowski,R5
279,Pena,R0
279,Pena,R3
280,Holling,R2
280,Holling,R4
280,Holling,R5
288,Brinker,R1
297,Adcock,R1
297,Adcock,R4
299,Gutierrez,R0
299,Gutierrez,R1
299,Gutierrez,R4
300,Nestor,R0
300,Nestor,R1
300,Nestor,R5
304,Hallock,R0
309,Barton,R0
309,Barton,R2
309,Barton,R3
313,Xia,R1
313,Xia,R3
318,Jacquier,R3
318,Jacquier,R5
322,Morris,R0
322,Morris,R3
322,Morris,R4
323,Dickert,R2
324,Jolly,R0
324,Jolly,R2
324,Jolly,R3
328,Scott,R1
328,Scott,R2
328,Scott,R3
332,Keys,R3
332,Keys,R4
333,Padilla,R0
333,Padilla,R2
333,Padilla,R3
336,Cox,R0
336,Cox,R2
336,Cox,R5
337,Shelton,R0
337,Shelton,R2
339,Mesa,R2
340,Mccarty‖Vanschaick,R4
345,Cullen,R0
345,Cullen,R3
345,Cullen,R4
350,Charley,R0
351,Antal,R1
351,Antal,R4
351,Antal,R5
356,Goff,R1
356,Goff,R4
360,Mccorkle,R4
360,Mccorkle,R5
362,Kaminski,R5
367,Thomas,R1
367,Thomas,R3
376,Funderburk‖Mccabe,R0
376,Funderburk‖Mccabe,R2
379,Kyle,R0
379,Kyle,R3
380,Laughlin,R1
380,Laughlin,R3
384,Rodriguez,R1
384,Rodriguez,R2
384,Rodriguez,R3
384,Rodriguez,R5
390,Kirkland,R0
390,Kirkland,R2
394,Emerson,R1
394,Emerson,R3
394,Emerson,R5
395,Price,R0
395,Price,R1
395,Price,R4
399,Cook,R0
399,Cook,R1
399,Cook,R2
400,Jacob‖Caldwell,R1
400,Jacob‖Caldwell,R3
403,Spates,R2
403,Spates,R4
405,Hale‖Foley,R2
405,Hale‖Foley,R3
405,Hale‖Foley,R4
407,Underwood,R0
407,Underwood,R1
407,Underwood,R5
408,Houser,R1
408,Houser,R2
408,Houser,R4
412,Coty,R3
413,Kent,R0
413,Kent,R1
417,Highshaw,R1
417,Highshaw,R3
417,Highshaw,R4
417,Highshaw,R5
419,Anderson‖Oneal,R3
419,Anderson‖Oneal,R4
419,Anderson‖Oneal,R5
424,Hurd,R2
424,Hurd,R3
424,Hurd,R5
428,Lewis,R0
428,Lewis,R3
438,Price‖Grande,R0
438,Price‖Grande,R1
438,Price‖Grande,R4
445,Kahler,R0
449,Castro,R3
449,Castro,R5
451,Kolter‖Lewis,R2
451,Kolter‖Lewis,R4
457,Johnson,R0
457,Johnson,R1
457,Johnson,R4
459,Caruthers,R0
459,Caruthers,R4
459,Caruthers,R5
460,Currie,R3
460,Currie,R4
462,Helton,R0
462,Helton,R2
471,Elliott,R1
471,Elliott,R2
471,Elliott,R3
473,Judy,R1
473,Judy,R3
473,Judy,R5
479,Taylor,R0
479,Taylor,R1
481,Burke,R0
481,Burke,R5
487,Crane,R3
487,Crane,R4
488,Nunmaker,R3
488,Nunmaker,R4
489,Mcauley,R0
489,Mcauley,R3
495,Sarkisian,R0
495,Sarkisian,R1
495,Sarkisian,R2
495,Sarkisian,R4
500,Dove,R4
500,Dove,R5
507,Wilson,R4
507,Wilson,R5
511,Harrington,R0
511,Harrington,R2
511,Harrington,R3
512,Brookshire,R2
512,Brookshire,R3
516,Miller,R2
516,Miller,R3
520,Bermeo,R0
520,Bermeo,R2
520,Bermeo,R5
526,Lane,R5
530,Hintz,R1
532,Bowen,R0
541,Martin,R1
541,Martin,R0
543,Padberg,R2
543,Padberg,R3
543,Padberg,R5
551,Mink,R1
551,Mink,R0
551,Mink,R5
552,Johnson,R3
553,Janosek,R0
553,Janosek,R2
553,Janosek,R3
555,Kilgore,R1
555,Kilgore,R2
555,Kilgore,R4
560,Bissonette,R1
560,Bissonette,R0
560,Bissonette,R4
563,Almen,R0
563,Almen,R3
563,Almen,R4
571,Garcia,R4
589,Caneva,R0
589,Caneva,R3
590,Dyal,R1
590,Dyal,R3
590,Dyal,R4
591,Harmon,R1
591,Harmon,R5
593,Brown,R4
593,Brown,R5
596,Piccinini,R2
596,Piccinini,R3
596,Piccinini,R5
597,Padovano,R1
597,Padovano,R2
597,Padovano,R3
599,Dickerson,R2
600,Montez,R0
600,Montez,R2
600,Montez,R3
602,Stahr‖Miller,R0
602,Stahr‖Miller,R2
602,Stahr‖Miller,R5
605,Flores,R5
615,Park,R4
615,Park,R5
617,Nelson,R1
617,Nelson,R3
622,Gammon‖Werner,R3
622,Gammon‖Werner,R5
624,Womac,R0
624,Womac,R4
632,Bevins,R0
632,Bevins,R2
632,Bevins,R3
636,Holmes,R2
636,Holmes,R3
639,Colone‖Schneider,R0
639,Colone‖Schneider,R4
639,Colone‖Schneider,R5
645,Ross,R4
645,Ross,R5
647,Rappold,R0
657,Case,R0
657,Case,R3
657,Case,R5
663,Schaal,R1
663,Schaal,R0
664,Williams,R0
664,Williams,R4
671,Berry,R2
671,Berry,R3
671,Berry,R5
675,Ybarra,R1
675,Ybarra,R3
680,Kilby,R1
680,Kilby,R5
686,Mclane,R3
688,Wells,R0
688,Wells,R5
693,Garcia,R0
693,Garcia,R4
693,Garcia,R5
698,Benton,R1
698,Benton,R0
698,Benton,R3
700,Bellard,R1
700,Bellard,R0
700,Bellard,R5
701,Thompson,R2
701,Thompson,R3
702,Williams,R0
702,Williams,R2
704,Mcmillian,R1
704,Mcmillian,R0
704,Mcmillian,R5
706,Nyhus,R2
707,Ramirez,R0
707,Ramirez,R3
710,White,R0
710,White,R2
710,White,R5
711,Walker,R1
711,Walker,R3
711,Walker,R4
711,Walker,R5
715,Peco,R0
715,Peco,R2
715,Peco,R3
719,Gartland,R0
719,Gartland,R2
720,Mcleod,R4
720,Mcleod,R5
721,Lockwood,R0
721,Lockwood,R4
730,Hill,R3
731,Richards,R0
731,Richards,R4
731,Richards,R5
734,Mcneil,R1
734,Mcneil,R2
735,Brundage,R4
735,Brundage,R5
737,Reid,R0
739,Lofton‖Lawrence,R3
739,Lofton‖Lawrence,R4
739,Lofton‖Lawrence,R5
742,Walks,R1
742,Walks,R0
742,Walks,R3
742,Walks,R4
745,Kennedy,R4
745,Kennedy,R5
746,Jones,R2
746,Jones,R3
755,Jackson,R1
758,Graham,R1
758,Graham,R2
758,Graham,R4
758,Graham,R5
761,Russell,R0
761,Russell,R4
766,Fritz,R1
766,Fritz,R3
768,Ryan,R3
768,Ryan,R5
774,Beaman,R2
774,Beaman,R3
784,Cunha,R1
786,Hayes,R2
790,Tilton,R3
791,Jones,R2
795,Salazar,R1
795,Salazar,R3
798,Smoldt,R0
798,Smoldt,R2
798,Smoldt,R3
799,Cooper,R1
799,Cooper,R4
802,Wiegand,R3
802,Wiegand,R4
804,Mckinney,R2
807,Chisler,R4
807,Chisler,R5
811,Baird,R1
811,Baird,R0
811,Baird,R5
813,Taylor,R1
813,Taylor,R2
813,Taylor,R3
819,Helms,R1
819,Helms,R0
819,Helms,R2
821,Littman,R1
821,Littman,R2
821,Littman,R3
821,Littman,R4
823,Chasin,R2
823,Chasin,R4
823,Chasin,R5
828,Caruthers,R2
828,Caruthers,R5
831,Stewart,R0
833,Miller,R1
833,Miller,R0
844,Gertsch,R1
844,Gertsch,R2
847,Hooper,R0
847,Hooper,R3
852,Brodes,R1
853,Hardy,R2
853,Hardy,R4
854,Jackson,R0
854,Jackson,R3
854,Jackson,R4
855,Harris,R1
855,Harris,R0
855,Harris,R5
857,Haugen,R3
857,Haugen,R5
859,Wood,R0
859,Wood,R3
861,Holloway,R2
861,Holloway,R5
863,Callahan,R2
863,Callahan,R4
863,Callahan,R5
866,Duncan,R1
866,Duncan,R0
866,Duncan,R2
869,Kidd,R3
873,Yasutake‖Ngo,R0
873,Yasutake‖Ngo,R2
873,Yasutake‖Ngo,R4
882,Leonard,R5
883,Whittle,R0
883,Whittle,R3
883,Whittle,R4
884,Casillas,R1
884,Casillas,R0
884,Casillas,R4
886,Jones,R2
886,Jones,R5
892,Morris,R2
892,Morris,R3
894,Williams,R2
894,Williams,R3
894,Williams,R4
896,Cole,R0
896,Cole,R3
898,Ramsey,R1
898,Ramsey,R0
898,Ramsey,R2
898,Ramsey,R5
901,Allen,R3
905,Rondeau,R1
911,Hart,R0
911,Hart,R2
911,Hart,R5
914,Tanner,R1
914,Tanner,R0
914,Tanner,R2
914,Tanner,R5
915,Goggin,R5
918,Roderiquez,R0
918,Roderiquez,R2
924,Albino,R1
924,Albino,R0
924,Albino,R3
927,Sedgwick,R1
927,Sedgwick,R3
927,Sedgwick,R4
930,Tetzloff,R1
930,Tetzloff,R0
935,Campbell,R0
935,Campbell,R3
935,Campbell,R4
940,Silva,R0
940,Silva,R4
940,Silva,R5
944,Bunch,R1
944,Bunch,R0
944,Bunch,R3
945,Spain,R1
945,Spain,R4
948,Mckinney‖Callahan,R2
948,Mckinney‖Callahan,R4
953,Gelormino,R1
953,Gelormino,R0
953,Gelormino,R3
956,London,R4
958,Warriner,R1
958,Warriner,R2
958,Warriner,R4
959,Arnold,R0
960,Savage,R2
961,Roy,R0
961,Roy,R4
961,Roy,R5
965,Rudolph,R4
965,Rudolph,R5
966,Mcfadden,R0
966,Mcfadden,R4
969,Hicks,R3
969,Hicks,R4
970,Tackett,R1
970,Tackett,R2
971,Wraight‖Hok,R1
971,Wraight‖Hok,R0
971,Wraight‖Hok,R3
980,Tucker,R0
980,Tucker,R5
981,Craig,R0
981,Craig,R4
981,Craig,R5
982,Gailes,R2
982,Gailes,R3
984,Ramos,R1
984,Ramos,R4
987,Fay,R3
987,Fay,R4
989,Robinson,R0
989,Robinson,R2
989,Robinson,R3
990,Derby,R3
990,Derby,R4
999,Wai,R2
999,Wai,R3
999,Wai,R5
1001,Cheatham,R1
1003,Marks,R0
1003,Marks,R1
1003,Marks,R3
1005,Deare‖Jones,R2
1005,Deare‖Jones,R3
1005,Deare‖Jones,R5
1006,Ortiz,R3
1008,Davis,R0
1008,Davis,R4
1008,Davis,R5
1009,Slagle,R1
1009,Slagle,R3
1009,Slagle,R4
1016,Rothenberg,R0
1016,Rothenberg,R3
1031,Davis,R0
1031,Davis,R3
1031,Davis,R4
1045,Opunui,R1
1045,Opunui,R3
1051,Blake,R4
1055,Westervelt‖Thornton,R2
1055,Westervelt‖Thornton,R4
1058,Duncan,R2
1058,Duncan,R3
1058,Duncan,R4
1061,Sessions,R3
1065,Schmidt,R1
1068,Voss‖Robinson,R0
1068,Voss‖Robinson,R4
1071,Cruz,R2
1071,Cruz,R4
1085,Barton,R2
1086,Rivera,R4
1089,Degraffenreid,R2
1094,Wilson,R0
1094,Wilson,R1
1094,Wilson,R5
1095,Sanchez,R0
1097,Boyle,R3
1097,Boyle,R4
1097,Boyle,R5
1098,Jessen,R0
1098,Jessen,R4
1098,Jessen,R5
1099,Jones,R0
1099,Jones,R3
1099,Jones,R5
1101,Toms,R2
1101,Toms,R0
1105,Sinicki,R3
1105,Sinicki,R4
1108,Hinton,R0
1108,Hinton,R5
1112,Fox,R0
1112,Fox,R4
1115,Haymes,R1
1115,Haymes,R3
1115,Haymes,R4
1116,Flores,R1
1116,Flores,R3
1116,Flores,R4
1116,Flores,R5
1117,Allen‖Lyon,R2
1117,Allen‖Lyon,R1
1117,Allen‖Lyon,R5
1124,Lamphere,R0
1124,Lamphere,R3
1124,Lamphere,R4
1128,Para,R0
1128,Para,R1
1132,Rocha,R0
1132,Rocha,R1
1135,Rodriguez,R2
1135,Rodriguez,R0
1135,Rodriguez,R3
1135,Rodriguez,R4
1136,Lam‖Johnson,R1
1136,Lam‖Johnson,R5
1138,Ellis,R4
1138,Ellis,R5
1140,Connolly,R2
1140,Connolly,R1
1140,Connolly,R3
1140,Connolly,R5
1141,Malcolm,R4
1144,Clark‖Cutting,R2
1144,Clark‖Cutting,R1
1144,Clark‖Cutting,R5
1153,Honor,R1
1153,Honor,R4
1161,Flood,R0
1162,Grady,R2
1162,Grady,R1
1162,Grady,R3
1174,Miraglia,R2
1184,Lombardo,R0
1184,Lombardo,R4
1184,Lombardo,R5
1185,Sutherland,R2
1185,Sutherland,R3
1185,Sutherland,R4
1188,Rasmussen,R2
1188,Rasmussen,R3
1188,Rasmussen,R4
1190,Baker,R0
1190,Baker,R3
1195,Stamison,R1
1195,Stamison,R3
1195,Stamison,R5
1196,Johnson,R3
1196,Johnson,R5
1203,Fischer,R2
1203,Fischer,R1
1203,Fischer,R4
1205,Moreno,R1
1206,Hodgkins,R2
1206,Hodgkins,R4
1211,Hernandez‖Owens‖Lenz,R1
1211,Hernandez‖Owens‖Lenz,R3
1213,Griffin,R0
1213,Griffin,R3
1216,Sanches,R1
1216,Sanches,R3
1216,Sanches,R4
1218,Perez,R2
1218,Perez,R1
1218,Perez,R4
1221,Gibson,R5
1223,Flander,R0
1223,Flander,R1
1223,Flander,R4
1224,Fonder,R0
1224,Fonder,R1
1224,Fonder,R5
1227,Grantham,R2
1227,Grantham,R1
1231,Stalder,R2
1232,Cannata,R2
1232,Cannata,R3
1232,Cannata,R5
1233,Bradley,R0
1233,Bradley,R1
1233,Bradley,R4
1234,York,R1
1234,York,R4
1234,York,R5
1236,Gierisch,R0
1240,Altman,R2
1240,Altman,R1
1240,Altman,R3
1241,Sands,R4
1245,Shaffer,R2
1245,Shaffer,R0
1245,Shaffer,R5
1248,Baiz,R0
1248,Baiz,R1
1248,Baiz,R5
1249,Holden,R1
1249,Holden,R5
1250,Adkisson,R2
1250,Adkisson,R0
1250,Adkisson,R3
1257,Wheeler,R0
1257,Wheeler,R1
1261,Needels,R5
1268,Mitchell,R1
1268,Mitchell,R3
1269,Pitts,R0
1269,Pitts,R1
1269,Pitts,R3
1277,Bowie,R0
1277,Bowie,R1
1277,Bowie,R3
1292,Plienis,R2
1292,Plienis,R1
1292,Plienis,R4
1293,Furfaro,R4
1297,Fleury,R2
1297,Fleury,R0
1297,Fleury,R5
1299,Maloon,R4
1303,Cummings,R2
1303,Cummings,R5
1304,Booth,R4
1304,Booth,R5
1310,Aguilar,R2
1310,Aguilar,R0
1318,Taylor,R3
1319,Keith,R0
1319,Keith,R1
1320,Yarbrough,R2
1320,Yarbrough,R3
1321,Vegetabile‖Perez,R0
1321,Vegetabile‖Perez,R4
1326,Hernandez,R0
1326,Hernandez,R1
1332,Redman,R2
1332,Redman,R1
1332,Redman,R3
1339,Oconnor,R0
1339,Oconnor,R4
1341,Jeffords,R3
1346,Ferguson,R2
1346,Ferguson,R1
1358,Brown,R0
1358,Brown,R4
1358,Brown,R5
1365,Martin,R2
1365,Martin,R3
1365,Martin,R5
1367,Gaydosh,R3
1368,Olin‖Dorfman,R2
1368,Olin‖Dorfman,R0
1368,Olin‖Dorfman,R4
1369,Schmucker,R1
1369,Schmucker,R5
1371,Watkins‖Goodin,R2
1371,Watkins‖Goodin,R0
1371,Watkins‖Goodin,R1
1372,Wheeler,R1
1372,Wheeler,R4
1374,Martin,R0
1374,Martin,R3
1374,Martin,R4
1376,Leith‖Cook,R0
1376,Leith‖Cook,R4
1376,Leith‖Cook,R5
1377,Jenkins‖Williams,R0
1377,Jenkins‖Williams,R4
1380,Brazzle,R4
1383,Turpin,R5
1387,Lathrop,R2
1387,Lathrop,R0
1388,Wollschlager,R1
1388,Wollschlager,R4
1391,Littlewood,R2
1391,Littlewood,R4
1393,Young,R2
1393,Young,R3
1396,Curtis,R1
1396,Curtis,R3
1397,Highshaw,R1
1397,Highshaw,R3
1406,Hamilton,R5
1407,Guerra,R3
1408,Gates,R2
1408,Gates,R4
1409,Nussbaum,R2
1409,Nussbaum,R1
1409,Nussbaum,R3
1411,Green,R2
1411,Green,R3
1413,Chapman,R2
1413,Chapman,R0
1413,Chapman,R1
1418,Hatala‖Armstrong,R0
1418,Hatala‖Armstrong,R1
1420,Havens,R4
1422,Alvarez,R1
1422,Alvarez,R3
1422,Alvarez,R5
1427,Reddy,R0
1427,Reddy,R1
1427,Reddy,R5
1428,Stephens‖Wieland,R0
1428,Stephens‖Wieland,R3
1431,Levine,R2
1431,Levine,R4
1438,Dietz,R3
1438,Dietz,R4
1438,Dietz,R5
1439,Taylor,R1
1439,Taylor,R3
1450,Weisner‖Tufte,R2
1450,Weisner‖Tufte,R5
1453,Schmidt,R3
1454,Fehrle,R2
1454,Fehrle,R0
1454,Fehrle,R4
1455,Traynor,R1
1455,Traynor,R3
1455,Traynor,R4
1459,Ranson,R2
1459,Ranson,R3
1459,Ranson,R4
1460,Stull,R3
1460,Stull,R5
1464,Shea,R2
1464,Shea,R0
1464,Shea,R3
1466,Buck‖Salter,R4
1467,Edwards,R2
1467,Edwards,R4
1467,Edwards,R5
1468,Hall,R0
1468,Hall,R3
1474,Powers,R0
1476,Geer,R0
1476,Geer,R4
1478,Chappell,R1
1478,Chappell,R4
1480,Parker‖Wofford,R3
1480,Parker‖Wofford,R4
1481,Layne,R2
1482,Stouffer‖Milo,R2
1482,Stouffer‖Milo,R1
1482,Stouffer‖Milo,R5
1486,Valdez‖Smith,R0
1486,Valdez‖Smith,R5
1489,Portsche,R2
1489,Portsche,R0
1489,Portsche,R5
1490,Diaz,R2
1490,Diaz,R4
1493,Torres,R0
1493,Torres,R1
1493,Torres,R4
1493,Torres,R5
1494,Martin,R1
1494,Martin,R5
1497,Lanigan,R1
1497,Lanigan,R4
1497,Lanigan,R5
1499,Menz,R0
1499,Menz,R5
1502,Kelly,R3
1503,Sanders,R0
1512,Carey,R1
1512,Carey,R2
1512,Carey,R4
1512,Carey,R5
1513,Trainor,R3
1513,Trainor,R2
1513,Trainor,R4
1521,Vanwinkle,R2
1521,Vanwinkle,R5
1522,Scott,R3
1522,Scott,R0
1522,Scott,R4
1526,Thompson,R2
1526,Thompson,R5
1529,Lee,R3
1529,Lee,R4
1532,Russell,R0
1532,Russell,R1
1539,Pine,R3
1539,Pine,R4
1539,Pine,R5
1540,Watson,R3
1548,Griggs,R3
1551,Sullivan,R3
1551,Sullivan,R0
1552,Mcgrady,R3
1552,Mcgrady,R0
1552,Mcgrady,R5
1555,Vaughn,R3
1555,Vaughn,R2
1558,Romero,R3
1558,Romero,R2
1558,Romero,R4
1558,Romero,R5
1562,Livoti,R0
1562,Livoti,R2
1564,Lee,R3
1564,Lee,R2
1564,Lee,R5
1572,Pereda,R3
1572,Pereda,R0
1572,Pereda,R5
1573,Goss,R2
1573,Goss,R4
1574,Robinson‖Grady,R1
1577,Rodriguez,R4
1590,Grant‖Mendenhall,R3
1590,Grant‖Mendenhall,R4
1591,Sanders,R5
1592,Anderson,R0
1592,Anderson,R2
1607,Selley‖Jaffe,R2
1607,Selley‖Jaffe,R5
1609,Pasquino‖Adams,R3
1609,Pasquino‖Adams,R4
1609,Pasquino‖Adams,R5
1613,Bolanos,R3
1613,Bolanos,R0
1613,Bolanos,R5
1614,Kavanagh,R3
1614,Kavanagh,R2
1621,Gullatt,R3
1621,Gullatt,R2
1621,Gullatt,R4
1621,Gullatt,R5
1625,Edgington,R0
1625,Edgington,R1
1625,Edgington,R4
1632,Gold,R3
1632,Gold,R1
1635,Robbins,R3
1635,Robbins,R2
1635,Robbins,R5
1639,Smith,R0
1650,Hogue,R3
1650,Hogue,R0
1650,Hogue,R5
1655,Condict,R3
1655,Condict,R2
1655,Condict,R5
1657,Strutz,R2
1657,Strutz,R4
1657,Strutz,R5
1658,Mathis,R0
1658,Mathis,R1
1658,Mathis,R5
1659,Montijo,R1
1659,Montijo,R4
1660,Wyke,R1
1660,Wyke,R5
1663,Madden,R2
1663,Madden,R4
1664,Tomlinson,R0
1664,Tomlinson,R1
1665,Leggio,R2
1665,Leggio,R4
1666,Roden,R1
1666,Roden,R4
1669,Williams,R0
1669,Williams,R2
1669,Williams,R4
1669,Williams,R5
1673,Juarez,R0
1673,Juarez,R2
1673,Juarez,R5
1675,Stacey,R3
1675,Stacey,R0
1675,Stacey,R1
1675,Stacey,R5
1676,Sharp,R5
1678,Lee‖Smith,R0
1678,Lee‖Smith,R5
1682,Hebrank,R0
1682,Hebrank,R4
1686,Anderson,R3
1686,Anderson,R2
1686,Anderson,R4
1687,Watkins,R1
1687,Watkins,R2
1687,Watkins,R5
1697,Mccarthy,R0
1697,Mccarthy,R4
1697,Mccarthy,R5
1703,Sierra,R1
1703,Sierra,R2
1706,Mendoza,R1
1706,Mendoza,R4
1706,Mendoza,R5
1707,Santiago,R0
1707,Santiago,R2
1710,Lavigne,R0
1710,Lavigne,R1
1710,Lavigne,R2
1713,Ezell,R1
1714,Anguiano,R0
1714,Anguiano,R1
1715,Smith,R0
1716,Zimmerman,R2
1718,Henle,R0
1718,Henle,R1
1718,Henle,R2
1730,Shellhammer,R3
1730,Shellhammer,R5
1735,Villalpando,R3
1735,Villalpando,R1
1735,Villalpando,R4
1737,Haynes,R3
1737,Haynes,R0
1737,Haynes,R2
1737,Haynes,R4
1749,Gonzalez,R3
1749,Gonzalez,R2
1750,Rye,R2
1753,Carthen,R1
1755,Ramirez,R2
1756,Ables,R5
1761,Moore,R3
1761,Moore,R1
1761,Moore,R4
1761,Moore,R5
1762,James,R3
1762,James,R0
1762,James,R1
1762,James,R4
1763,Rigney‖Sieberg,R5
1764,Raines,R3
1764,Raines,R2
1764,Raines,R4
1765,Yarbrough,R0
1765,Yarbrough,R1
1765,Yarbrough,R5
1767,Knight,R3
1767,Knight,R2
1767,Knight,R4
1776,Alejandro,R1
1776,Alejandro,R2
1778,Ramirez,R3
1778,Ramirez,R0
1781,Wright,R3
1781,Wright,R2
1781,Wright,R5
1783,Weingard,R3
1783,Weingard,R4
1784,Lee,R3
1786,Ross,R3
1786,Ross,R2
1786,Ross,R5
1792,Jackson‖Nelson,R1
1792,Jackson‖Nelson,R4
1795,Williams,R3
1795,Williams,R0
1795,Williams,R5
1800,Amaral,R0
1800,Amaral,R1
1800,Amaral,R2
1804,Tucker,R2
1805,Montoya,R1
1810,Johnson,R5
1813,Garza,R1
1813,Garza,R4
1813,Garza,R5
1814,Hafele‖Ramos,R0
1814,Hafele‖Ramos,R1
1814,Hafele‖Ramos,R4
1815,Krupa‖Janski,R3
1815,Krupa‖Janski,R5
1817,Wentzloff,R0
1817,Wentzloff,R1
1823,Summerhill,R3
1823,Summerhill,R0
1826,Johnston,R3
1826,Johnston,R2
1828,Kam,R3
1828,Kam,R1
1828,Kam,R2
1828,Kam,R5
1830,Elwell,R0
1830,Elwell,R1
1830,Elwell,R5
1833,York,R4
1833,York,R5
1837,Street,R0
1837,Street,R2
1837,Street,R4
1839,Kelly,R3
1839,Kelly,R4
1842,Whatoname,R3
1842,Whatoname,R4
1844,Donaldson,R3
1844,Donaldson,R0
1844,Donaldson,R5
1846,Gest,R4
1847,Richardson,R0
1847,Richardson,R1
1847,Richardson,R5
1849,Smith,R3
1849,Smith,R0
1857,Bartholf,R1
1860,Anderson,R0
1860,Anderson,R2
1865,Gallahan,R1
1865,Gallahan,R2
1869,Armstrong,R0
1869,Armstrong,R2
1870,Gross,R0
1870,Gross,R1
1870,Gross,R2
1872,Dailey,R0
1872,Dailey,R4
1876,Macias,R3
1884,Marren,R3
1884,Marren,R4
1885,Ross,R0
1886,Cremin,R1
1886,Cremin,R2
1886,Cremin,R5
1887,Branch,R0
1887,Branch,R5
1888,Woods‖Weaver,R3
1888,Woods‖Weaver,R5
1899,Adams,R1
1899,Adams,R4
1900,Rodriguez,R3
1900,Rodriguez,R0
1900,Rodriguez,R4
1903,Dye,R0
1903,Dye,R1
1912,Burgess,R1
1912,Burgess,R4
1913,Roberts,R3
1914,Gordon,R3
1914,Gordon,R4
1914,Gordon,R5
1917,Wilkinson,R2
1917,Wilkinson,R4
1920,Moon,R3
1920,Moon,R0
1920,Moon,R1
1920,Moon,R5
1925,Shipp,R3
1925,Shipp,R1
1925,Shipp,R5
1926,Haskett,R4
1928,Segura,R3
1928,Segura,R1
1928,Segura,R2
1933,Gilreath,R3
1933,Gilreath,R4
1933,Gilreath,R5
1938,Welch,R5
1941,Viera,R1
1941,Viera,R4
1943,Santmyer,R1
1943,Santmyer,R4
1943,Santmyer,R5
1944,Boller,R3
1944,Boller,R0
1944,Boller,R5
1954,Smith,R2
1954,Smith,R5
1962,Sawyer,R2
1962,Sawyer,R4
1964,Kean,R3
1964,Kean,R4
1966,Meidl,R0
1966,Meidl,R2
1968,Bramlett,R3
1968,Bramlett,R0
1968,Bramlett,R2
1969,Price,R1
1969,Price,R2
1969,Price,R4
1969,Price,R5
1971,Coello,R4
1973,Hattaway,R3
1973,Hattaway,R1
1978,Schank,R4
1986,Rice‖Cook,R2
1986,Rice‖Cook,R4
1986,Rice‖Cook,R5
1987,Cole,R3
1987,Cole,R0
1987,Cole,R1
1999,Perry,R3
1999,Perry,R0
1999,Perry,R4
2002,Angotti,R1
2002,Angotti,R2
2014,Ahuna,R4
2014,Ahuna,R0
2029,Smith,R4
2037,Carpentier,R2
2037,Carpentier,R3
2045,Reier,R3
2045,Reier,R5
2047,Presson,R0
2047,Presson,R3
2047,Presson,R5
2048,Rosario,R4
2048,Rosario,R1
2048,Rosario,R3
2053,Owens,R4
2053,Owens,R5
2054,Carpenter,R1
2054,Carpenter,R2
2063,Smith,R0
2063,Smith,R1
2063,Smith,R3
2070,Lanzi,R5
2080,Heaberlin,R4
2080,Heaberlin,R2
2080,Heaberlin,R5
2084,Rollins,R5
2089,Johnson,R4
2089,Johnson,R1
2089,Johnson,R5
2090,Worthington,R0
2090,Worthington,R2
2099,Armstrong,R2
2099,Armstrong,R3
2102,Bostwick,R5
2103,Lovisone,R0
2103,Lovisone,R2
2118,Mitchell,R4
2118,Mitchell,R5
2119,Dyce,R4
2119,Dyce,R0
2121,Ross,R4
2121,Ross,R0
2131,Higgins,R4
2131,Higgins,R3
2131,Higgins,R5
2133,Jones,R4
2133,Jones,R0
2134,Tackett,R0
2134,Tackett,R2
2134,Tackett,R3
2135,Gorecki,R0
2135,Gorecki,R1
2136,Vasquez,R5
2137,Lambert,R0
2137,Lambert,R3
2137,Lambert,R5
2152,Nixon‖Jimenez,R0
2152,Nixon‖Jimenez,R1
2154,Melchor‖Stjohn,R0
2154,Melchor‖Stjohn,R3
2155,Neff,R4
2155,Neff,R0
2155,Neff,R1
2156,Wong,R0
2156,Wong,R2
2156,Wong,R3
2157,Henson,R0
2163,Peralta,R4
2163,Peralta,R1
2164,Bell,R4
2164,Bell,R0
2164,Bell,R1
2164,Bell,R3
2167,Sims,R3
2169,Delisio,R4
2169,Delisio,R1
2170,Hodge,R0
2170,Hodge,R5
2172,Tucker,R4
2172,Tucker,R0
2176,Russell,R0
2176,Russell,R1
2176,Russell,R3
2181,Allen,R0
2181,Allen,R2
2181,Allen,R5
2196,Clark‖Delgado,R0
2196,Clark‖Delgado,R3
2197,Kent,R3
2199,Robidoux,R2
2199,Robidoux,R3
2201,Booker,R0
2201,Booker,R3
2203,Oh,R0
2204,Hasse,R4
2204,Hasse,R5
2211,Karins,R4
2211,Karins,R3
2213,Lopez,R1
2213,Lopez,R2
2220,Naumann,R1
2221,Moore,R1
2221,Moore,R5
2222,Wallace,R4
2222,Wallace,R2
2224,Jones,R0
2224,Jones,R3
2237,Gann,R0
2237,Gann,R3
2237,Gann,R5
2239,Carter,R5
2244,Vermillion,R1
2244,Vermillion,R3
2245,Hamilton,R4
2245,Hamilton,R0
2245,Hamilton,R2
2250,Rollins,R0
2250,Rollins,R3
2252,Demery,R1
2252,Demery,R2
2253,Albright,R4
2253,Albright,R0
2254,Hill,R0
2254,Hill,R2
2254,Hill,R3
2255,Morado,R3
2257,Harper,R1
2257,Harper,R2
2257,Harper,R5
2258,Eichenberger‖Connell,R4
2258,Eichenberger‖Connell,R3
2258,Eichenberger‖Connell,R5
2259,Cruz,R1
2259,Cruz,R3
2262,Riffe,R3
2263,Keeler,R4
2264,Spiro,R5
2267,Cofield‖Gartner,R4
2267,Cofield‖Gartner,R5
2270,Fugate‖Hanson,R1
2270,Fugate‖Hanson,R3
2276,Fars,R4
2276,Fars,R1
2276,Fars,R2
2279,Freitag,R4
2279,Freitag,R0
2284,Bailey‖Buzard,R4
2284,Bailey‖Buzard,R3
2290,Alvarado,R0
2290,Alvarado,R1
2290,Alvarado,R2
2293,White,R4
2293,White,R2
2300,Younts,R4
2300,Younts,R0
2303,Peterson,R4
2303,Peterson,R2
2303,Peterson,R3
2304,Lankford,R0
2304,Lankford,R1
2304,Lankford,R2
2304,Lankford,R5
2306,Hutchinson‖Travis,R1
2306,Hutchinson‖Travis,R2
2307,Collier,R0
2307,Collier,R2
2307,Collier,R3
2311,Monteiro,R1
2311,Monteiro,R2
2311,Monteiro,R3
2311,Monteiro,R5
2314,Ringrose,R2
2314,Ringrose,R3
2314,Ringrose,R5
2316,Chaffin,R4
2316,Chaffin,R0
2317,Degirolamo,R3
2318,Hutchinson,R4
2318,Hutchinson,R0
2318,Hutchinson,R1
2321,Hulsey,R0
2321,Hulsey,R3
2322,Workman,R4
2322,Workman,R1
2322,Workman,R2
2323,Klare,R0
2323,Klare,R3
2323,Klare,R5
2325,Lebaron,R1
2325,Lebaron,R2
2325,Lebaron,R3
2328,Edwards,R4
2328,Edwards,R1
2328,Edwards,R5
2333,Aguilar,R1
2333,Aguilar,R2
2333,Aguilar,R5
2334,Bridges,R2
2334,Bridges,R3
2337,Young,R5
2340,Vanhampler,R4
2340,Vanhampler,R2
2340,Vanhampler,R3
2340,Vanhampler,R5
2344,Lambert,R2
2347,Ferraraccio,R1
2347,Ferraraccio,R2
2351,Fancher,R4
2351,Fancher,R2
2351,Fancher,R5
2354,Taylor,R4
2354,Taylor,R0
2354,Taylor,R1
2357,Maloney‖Barker,R3
2358,Walker,R4
2359,Oliver,R1
2359,Oliver,R2
2365,Siler,R1
2366,Simoneavd,R4
2366,Simoneavd,R2
2367,Fayne,R0
2367,Fayne,R5
2374,Smith‖Norman,R4
2374,Smith‖Norman,R0
2374,Smith‖Norman,R3
2379,Cunningham,R4
2379,Cunningham,R1
2379,Cunningham,R3
2381,Stahr,R2
2384,Martin,R5
2385,Shannon,R0
2385,Shannon,R3
2385,Shannon,R5
2391,Christiano,R2
2391,Christiano,R5
2393,Frew,R0
2393,Frew,R5
2397,Caban,R5
2399,Luna,R3
2399,Luna,R5
2400,Shifflett,R4
2400,Shifflett,R2
2407,Parker,R0
2407,Parker,R3
2410,Chilson,R3
2412,Mccain,R1
2412,Mccain,R2
2413,Ricciardi,R0
2413,Ricciardi,R3
2415,Braithwaite,R2
2415,Braithwaite,R3
2415,Braithwaite,R5
2419,Gomez‖Clark,R3
2419,Gomez‖Clark,R5
2420,Gross,R2
2420,Gross,R5
2424,Stark,R4
2424,Stark,R0
2429,Little,R0
2429,Little,R1
2429,Little,R3
2432,Tennyson,R5
2435,Jacquemin,R0
2435,Jacquemin,R2
2435,Jacquemin,R3
2436,Carpenter,R2
2436,Carpenter,R3
2442,Draper,R2
2442,Draper,R3
2442,Draper,R5
2443,Vivian,R3
2445,Bohon,R4
2445,Bohon,R2
2446,Thrift‖Hallaway,R4
2446,Thrift‖Hallaway,R1
2446,Thrift‖Hallaway,R2
2456,Taylor,R2
2457,Posey,R0
2458,Trask,R3
2458,Trask,R5
2463,Yancy,R3
2463,Yancy,R5
2470,Torres,R1
2471,Granados,R1
2471,Granados,R3
2471,Granados,R5
2473,Williams,R3
2477,Keisel‖Mildren,R4
2477,Keisel‖Mildren,R2
2477,Keisel‖Mildren,R5
2478,Viard,R1
2484,Rodriguez,R0
2484,Rodriguez,R2
2489,Watkin,R4
2489,Watkin,R3
2492,Copley,R1
2492,Copley,R2
2492,Copley,R3
2494,Lanzi,R2
2497,Roy,R4
2497,Roy,R5
2501,Stange,R4
2506,Valerio,R0
2506,Valerio,R1
2506,Valerio,R3
2510,Delagarza,R5
2510,Delagarza,R2
2512,Feagin‖Dow,R0
2512,Feagin‖Dow,R3
2512,Feagin‖Dow,R4
2519,Becker,R0
2519,Becker,R4
2525,Fey,R1
2530,Goodwin,R0
2530,Goodwin,R3
2536,Washington,R5
2536,Washington,R3
2540,Davila,R4
2546,Craig,R0
2546,Craig,R1
2546,Craig,R2
2549,Miller,R4
2553,Clark,R0
2553,Clark,R2
2553,Clark,R3
2561,Barnard,R1
2562,Mathis,R2
2562,Mathis,R3
2563,Marino,R5
2563,Marino,R0
2563,Marino,R1
2568,Oliver‖Young,R3
2580,Sharp,R4
2584,Lanham,R1
2584,Lanham,R2
2584,Lanham,R4
2586,Dukes,R5
2586,Dukes,R1
2590,Eure,R5
2590,Eure,R0
2592,Dutcher‖Toliver,R1
2592,Dutcher‖Toliver,R2
2600,Shy,R0
2600,Shy,R3
2604,Maloney,R0
2604,Maloney,R3
2606,Caron,R1
2608,Harris,R5
2608,Harris,R0
2608,Harris,R2
2609,Blair,R0
2609,Blair,R3
2612,Espinoza,R5
2612,Espinoza,R2
2612,Espinoza,R4
2613,Powell‖File,R5
2614,Brown,R0
2614,Brown,R1
2614,Brown,R3
2616,Wilcox,R5
2616,Wilcox,R1
2616,Wilcox,R2
2626,Rush,R2
2627,Haynes,R1
2627,Haynes,R2
2634,Hiemstra,R5
2634,Hiemstra,R2
2635,Hooker,R5
2637,Goodnight,R0
2637,Goodnight,R1
2637,Goodnight,R3
2639,Shorb,R5
2639,Shorb,R0
2642,Bennett,R0
2642,Bennett,R2
2642,Bennett,R3
2646,Mitchell,R3
2646,Mitchell,R4
2648,Pettigrew,R5
2648,Pettigrew,R0
2651,Rann,R3
2651,Rann,R4
2656,Feeney,R0
2656,Feeney,R1
2656,Feeney,R4
2663,Monson,R0
2663,Monson,R2
2663,Monson,R3
2674,Mendenhall,R5
2674,Mendenhall,R3
2676,Sumpter,R0
2676,Sumpter,R2
2676,Sumpter,R4
2678,Banahan,R5
2678,Banahan,R4
2685,Czech,R0
2685,Czech,R2
2689,Barks,R2
2689,Barks,R4
2693,Robinson,R5
2693,Robinson,R2
2693,Robinson,R3
2704,Smith,R5
2704,Smith,R1
2707,Loeb‖Stoddard,R0
2707,Loeb‖Stoddard,R4
2710,Stevens,R2
2710,Stevens,R4
2727,Huggins,R0
2727,Huggins,R3
2729,Bahr,R0
2729,Bahr,R3
2729,Bahr,R4
2730,Renz,R5
2731,Uvalle,R5
2731,Uvalle,R1
2731,Uvalle,R4
2740,Cunningham,R2
2742,Demeo,R0
2742,Demeo,R1
2742,Demeo,R2
2742,Demeo,R3
2750,Goodman,R1
2750,Goodman,R3
2752,Partlow,R1
2752,Partlow,R4
2758,Baxter,R0
2758,Baxter,R1
2761,Chandler,R5
2763,Hathaway,R5
2763,Hathaway,R0
2763,Hathaway,R1
2763,Hathaway,R3
2766,Stcyr,R2
2766,Stcyr,R3
2767,Freeman,R5
2767,Freeman,R0
2767,Freeman,R3
2770,Dicks,R1
2770,Dicks,R3
2770,Dicks,R4
2771,Lee,R5
2771,Lee,R2
2771,Lee,R4
2772,Jones,R0
2772,Jones,R2
2777,Caneva‖Miller,R0
2777,Caneva‖Miller,R1
2777,Caneva‖Miller,R3
2779,Ellis‖Barks,R1
2779,Ellis‖Barks,R2
2779,Ellis‖Barks,R4
2781,Torres,R0
2781,Torres,R3
2790,Mccaskill,R0
2790,Mccaskill,R2
2792,Johnson‖Pickett,R0
2792,Johnson‖Pickett,R1
2792,Johnson‖Pickett,R4
2805,Bolen,R0
2805,Bolen,R3
2805,Bolen,R4
2820,Martinez,R5
2820,Martinez,R1
2820,Martinez,R2
2820,Martinez,R3
2821,Shaw,R5
2821,Shaw,R1
2821,Shaw,R4
2822,Morris,R0
2822,Morris,R4
2823,Boston,R2
2823,Boston,R4
2825,Lenard,R5
2827,Tylor,R5
2827,Tylor,R1
2827,Tylor,R3
2830,Davidson,R0
2830,Davidson,R2
2831,Murphy,R0
2831,Murphy,R3
2831,Murphy,R4
2832,Genet,R5
2832,Genet,R0
2832,Genet,R1
2832,Genet,R4
2838,Bell,R0
2838,Bell,R1
2838,Bell,R4
2840,Pagan‖Chan,R5
2840,Pagan‖Chan,R3
2840,Pagan‖Chan,R4
2846,Ortiz,R5
2846,Ortiz,R1
2848,King,R2
2855,Roper,R5
2855,Roper,R2
2856,Grant,R5
2856,Grant,R0
2856,Grant,R1
2859,Brown,R1
2859,Brown,R3
2862,Allen,R0
2862,Allen,R1
2863,Solis,R5
2863,Solis,R0
2863,Solis,R3
2869,Barbour,R5
2869,Barbour,R0
2869,Barbour,R1
2869,Barbour,R4
2873,Bigham,R5
2873,Bigham,R0
2873,Bigham,R1
2886,Wilkes,R2
2886,Wilkes,R3
2887,Black,R0
2889,James,R5
2891,Goldberg,R2
2891,Goldberg,R4
2897,Leslie,R2
2897,Leslie,R3
2897,Leslie,R4
2899,Hurst,R2
2899,Hurst,R3
2901,Mize,R0
2903,Smith,R4
2906,Gassaway,R3
2906,Gassaway,R4
2912,Green,R5
2913,Cabral,R5
2913,Cabral,R3
2913,Cabral,R4
2914,Greene,R5
2914,Greene,R1
2920,Rodriquez,R0
2920,Rodriquez,R3
2921,Hart,R5
2921,Hart,R0
2921,Hart,R3
2925,Irwin,R1
2925,Irwin,R3
2926,Hood,R3
2928,Miller,R5
2928,Miller,R2
2928,Miller,R4
2929,Murdoch,R0
2929,Murdoch,R1
2935,Alexander‖Mclain,R5
2935,Alexander‖Mclain,R0
2949,Williams,R5
2949,Williams,R3
2951,Reddick,R0
2951,Reddick,R2
2966,Firkins,R0
2966,Firkins,R2
2973,Condon,R1
2973,Condon,R2
2973,Condon,R3
2973,Condon,R4
2978,Blanco,R5
2978,Blanco,R3
2978,Blanco,R4
2979,Glickman,R3
2979,Glickman,R4
2980,Preston,R5
2980,Preston,R2
2986,Koverman,R0
2986,Koverman,R1
2986,Koverman,R4
2989,Leach,R5
2989,Leach,R1
2989,Leach,R4
2991,Hudgens,R5
2991,Hudgens,R3
2991,Hudgens,R4
2992,Thomas,R5
2992,Thomas,R1
2993,Seabron,R3
2993,Seabron,R4
2995,Siddiqui‖Fuller,R2
2995,Siddiqui‖Fuller,R3
2995,Siddiqui‖Fuller,R4
2997,Lawson‖Drake,R5
2997,Lawson‖Drake,R0
2997,Lawson‖Drake,R3
2998,Jimeson,R0
2998,Jimeson,R2
2998,Jimeson,R3
