ID,payload
2,Mary
5,Janet
8,Kimberly
15,"Rosemary,Thomas"
24,Marjorie
31,Sara
32,"Christine,Pauline"
35,"Darryl,Barbara"
40,Damon
53,John
65,"Terence,Arthur"
69,Tommy
86,Edith
88,Mary
94,Omar
97,Carrie
98,"Mindy,Sandy"
108,Samuel
123,Michael
124,John
125,"Paulette,Richard"
130,Tara
131,"Crystal,Ella"
139,Vicki
157,Ella
160,Darryl
164,"Denise,Sally,Christopher"
167,Joseph
170,Ralph
174,Casey
203,Sally
205,Rochelle
218,"Gilberto,Peter"
222,Nancy
236,Esther
244,Nicholas
256,"Roland,Carlos"
259,Patrick
263,Cheryl
266,Karl
267,Mary
272,"Mary,Dorothy"
278,Steven
288,Myrtle
291,Charolette
301,"Adam,Pamela"
311,Karen
318,Ronald
320,Mary
336,Charles
347,Gary
351,Benjamin
400,Neil
412,"Thomas,Andrea"
415,Jerry
416,Jessica
419,Jesse
420,Peter
421,"Mary,Heather"
430,Ray
435,Forrest
446,Hugo
449,Dewitt
451,Joyce
457,Lori
470,Annie
477,"William,Debra,Keith"
481,Judy
482,Rodney
483,Anthony
492,Wanda
494,Adela
501,Greg
503,Mary
504,Ronnie
531,Augustine
553,John
562,David
566,"Yvonne,Cristal"
570,Mary
578,Kevin
585,Barbara
592,Kelly
593,"Kimberly,Stephen"
597,Krista
599,Jennifer
603,Carolyn
608,Nannie
629,Kristin
636,Daniel
637,"Gregory,Kimberly"
648,Carmen
650,Anne
652,Nicholas
655,Carolyn
675,Pat
697,"Ronald,Keith,Melissa"
705,James
727,Milton
736,David
737,William
741,Laurel
770,Joel
789,Jenny
793,Anthony
794,Pamela
804,Brian
815,Michelle
821,Lashonda
861,Sherry
865,Manuel
871,"Stanley,Paul,Nellie"
877,Patricia
878,Marcelino
881,Donald
883,Diana
886,Albert
897,Crystal
898,"John,Mary"
904,Garland
905,Anthony
910,Edna
915,Mervin
917,Karen
928,Joshua
931,"Frances,Jessie"
935,"Steven,Deborah"
936,Diana
938,"Rosalind,Frances"
949,George
950,"Whitney,Janel"
958,"Faye,Sonja"
972,Maggie
976,Santiago
986,Earl
1013,Ronald
1017,Barbara
1045,Mark
1049,Micheal
1051,Dana
1055,"Charles,Willie"
1064,Carlos
1067,"Carolyn,Carolyn"
1073,Juan
1077,Deanna
1078,James
1084,"Phillip,Denise"
1086,George
1087,Emerald
1106,Megan
1110,Sergio
1114,Jessica
1116,Charlotte
1117,Andrea
1122,Alana
1128,Anne
1129,"William,Jim"
1140,Roderick
1146,"Dylan,Paul"
1147,Minnie
1150,Daniel
1155,Hazel
1157,Steve
1158,Joseph
1159,Lena
1174,Rachelle
1178,Samuel
1184,Jack
1189,Jose
1191,Virgie
1193,"Richard,Blanche"
1200,Melissa
1202,"Myra,Scott"
1220,"Keith,Elizabeth"
1235,Marissa
1241,Diana
1262,Katie
1271,Jeremy
1286,"Josephine,Kathy"
1295,Jon
1306,Willie
1318,Carol
1324,Lawrence
1325,Dixie
1332,Joy
1333,"Robert,Walter"
1338,Charles
1348,Shelley
1360,Thurman
1369,"Nancy,Ronald"
1370,Mary
1375,Donald
1383,Joseph
1390,Patricia
1391,Billie
1392,Thomas
1395,Mark
1398,Stacy
1407,"Mary,Brenda"
1410,"Lisa,Graciela"
1416,Karen
1420,Kent
1422,"Ernest,Shauna"
1431,"Clarence,Patricia"
1434,"Erik,Steve"
1464,Charles
1467,Valeria
1481,Clifford
1494,"Robert,Stacey"
1499,Bobby
1503,Laura
1504,"Deborah,William"
1514,Mary
1517,Mark
1519,Joseph
1527,Monique
1531,Herman
1536,Tracy
1543,Michael
1553,Matthew
1562,"Ramiro,Ariel,Edwin"
1570,Brooke
1573,Steven
1581,Jason
1585,Stephanie
1591,Ronald
1596,Eva
1601,Mark
1604,Timothy
1607,Jeffrey
1609,Joyce
1625,"Katherine,Patricia"
1627,Monika
1635,Rosa
1637,Elizabeth
1646,Althea
1647,Kristen
1652,Edward
1653,Janet
1659,Linda
1675,Rose
1677,"Leah,Nancy"
1680,Robert
1698,Richard
1706,Maureen
1712,Steve
1715,Charlene
1717,"Wesley,Vincent"
1718,Paul
1722,Lonnie
1727,"Rachel,Victoria"
1732,Ruby
1735,Jason
1745,"Marlon,Richard"
1751,Stacey
1763,Rebecca
1771,Pedro
1772,Glen
1775,"Blanca,Eddie"
1776,Mikel
1781,Marsha
1787,Paul
1792,David
1803,"Joshua,Cynthia"
1809,Marie
1837,Gregory
1842,"Hollie,Kathleen,George"
1845,"Irma,Patti"
1848,Christopher
1854,James
1866,Jessica
1871,"Candice,Nina"
1873,Leona
1874,Anne
1875,Althea
1884,Peter
1885,Anne
1890,Lorraine
1893,John
1912,Albert
1924,Laura
1930,Edward
1945,"Paul,Flora"
1954,Edwin
1964,Rose
1965,Ted
1979,Wanda
1997,Harlan
2002,Terrell
2012,Rebecca
2017,Ruth
2028,Robert
2029,Michael
2031,Javier
2035,Daniel
2045,Betty
2048,Hal
2075,Marcus
2079,"Barry,Patrick"
2087,Lisa
2097,Lonnie
2099,Ron
2100,Fred
2106,Carolyn
2150,James
2155,Russell
2157,Lillian
2183,Emma
2184,"Mary,Daniel"
2188,Selma
2214,Theodore
2219,Zachary
2220,Patrick
2223,Larry
2225,Elvira
2229,Eugene
2245,Kerry
2256,Francis
2261,Larry
2273,Connie
2288,Gary
2292,Michael
2302,Edith
2304,"Stanley,Terrance"
2305,Maria
2309,Lucille
2314,Eric
2315,Patricia
2330,Georgia
2335,Vickie
2336,Jeffrey
2341,"Judith,Robby"
2349,Thomas
2353,Timothy
2355,Samuel
2362,Jennifer
2364,Jan
2370,Sarah
2375,Maxine
2376,"Mark,Alfred"
2379,Chantelle
2381,"Ron,Judy"
2386,Ashley
2399,Kelly
2404,"Rose,Amanda"
2413,Gena
2415,Bonnie
2420,Edgar
2425,Larry
2428,Bertha
2445,Iona
2462,David
2465,Rene
2466,Terrence
2467,Emilio
2472,Mary
2473,Elaine
2477,Marcia
2490,Timothy
2491,Norman
2499,Tressa
2503,Joshua
2507,Hazel
2513,"Julian,Thuy"
2521,Larry
2522,Kim
2524,Billye
2529,Shannon
2535,Edward
2540,"Robert,Cheryl"
2554,"Conrad,Andrea"
2572,Doris
2574,Nicole
2588,David
2605,William
2611,Martha
2612,Elbert
2633,David
2646,Donald
2649,Lawrence
2654,"Kenneth,Krystyna"
2659,Harold
2666,Yolanda
2677,Tracey
2678,Daniel
2679,Grace
2688,Velma
2698,Timothy
2700,Paul
2708,Donald
2712,Kenneth
2717,Lori
2723,Royce
2725,Steven
2765,Kenneth
2770,Eddie
2793,Melody
2807,"Edwin,Earnest"
2815,Wayne
2822,Garret
2826,Walter
2828,Caleb
2829,"Miranda,Eileen"
2831,Beulah
2838,Abby
2841,John
2843,"Jeremy,Lloyd"
2851,"Barbara,James"
2858,Brandon
2865,Carolyn
2867,Jena
2884,Bryan
2891,Joe
2892,Marie
2909,"Helen,Helena"
2915,Willa
2920,David
2930,Patrick
2932,Tracey
2937,Kathleen
2944,Douglas
2957,Joanna
2965,Bertha
2981,Wanda
2983,"Kevin,Robert"
2987,Candace
2991,Cliff
2,Ellen
12,Aldo
18,Mary
21,Tara
24,Patricia
32,"William,Daniel"
35,Keith
38,Donald
42,Orlando
53,Joyce
55,Susan
58,Jennifer
63,Delia
66,Joan
71,Kelly
97,Jaimie
102,John
123,David
130,"Allen,Gay"
150,Maragret
152,Lorenza
157,Christina
163,John
167,Katherine
170,Hannah
173,Frederick
174,Alesia
188,"John,Evelyn"
202,Robert
205,Patricia
207,Raymond
210,Noel
225,Gary
236,William
239,Nilsa
249,Cheryl
251,Christy
256,Sherri
259,David
272,Louis
275,Isabel
277,"Charlotte,Mary"
278,Nathan
295,Ruth
296,"Robert,Amber,Irvin"
298,Joanna
311,Matthew
313,Angie
318,Larry
319,Lonnie
320,"Damaris,Paul"
325,Cecelia
342,"Geraldine,Shannon"
346,Ronald
347,Tina
351,Penny
352,"Martin,Christopher"
367,Earnest
372,Leola
388,Melanie
390,Herman
393,Matt
399,"Michelle,Vernon"
401,Harold
416,Sean
419,Sarah
430,Pamela
435,Beatriz
438,"Brian,Jodi"
444,Thomas
446,"Kevin,Heather"
447,Sue
457,Barbara
459,Jamie
470,Paul
482,Jonathan
483,Ella
493,Luis
495,George
501,Daisy
503,Raul
504,Judith
531,Catherine
533,William
536,Marlene
539,Patrick
550,"Jessica,William"
562,Debbie
566,Barbara
569,John
575,Ina
581,Donald
582,Paul
608,Walter
627,"Elizabeth,Ethel"
629,Cleo
640,Katie
650,Shannon
651,Carolyn
652,"Robert,Janet"
659,Megan
702,Eliseo
703,Daniel
706,Steve
707,"Alvaro,Tresa"
710,Betsy
733,Michael
747,"Joseph,Dale"
757,Norbert
778,Tabitha
780,Houston
789,Kelli
794,David
796,William
809,Virginia
815,Andrew
821,"Ann,Sarah"
838,Candy
842,Hannah
843,Megan
846,Anne
851,John
853,Duane
857,"Lisa,John"
868,"Timothy,Natasha"
871,Brandon
892,Ada
902,Mark
910,Nancy
922,Lynn
927,Mary
928,"Margaret,Steven"
932,Michelle
933,Gerald
935,Hattie
950,Samantha
958,Richelle
962,Myles
966,Frances
976,Geneva
978,Harold
985,"Gabriel,Dwayne"
986,Derek
990,Eric
995,Edwin
1008,David
1011,Nancy
1012,Jeffrey
1040,"Julia,Daniel"
1045,Charlene
1046,"Sherry,John"
1049,Priscilla
1050,Mark
1062,Craig
1064,Ola
1087,"Earl,Lee"
1089,David
1106,Jack
1113,Emily
1116,Ana
1125,Flora
1135,William
1140,Doris
1146,Everett
1150,"Gary,Alan"
1155,Willie
1157,Lisa
1160,Misty
1169,Sara
1172,Lina
1179,Guillermo
1190,Andrew
1191,Kyle
1198,John
1205,Norma
1231,Michael
1241,Samantha
1251,Louise
1270,Jame
1290,John
1299,"Nada,Christopher"
1300,Shirley
1303,Steven
1305,Joseph
1312,Ethel
1325,"Heidi,Henry"
1332,Chester
1333,Sanjuana
1353,Brenda
1357,"Brenda,Susan"
1359,James
1375,Penny
1383,Kristina
1388,Kevin
1389,Kala
1391,Dana
1400,"Bryant,Christine,Kevin"
1401,Collen
1403,Ruth
1406,Jennie
1410,Jeffrey
1420,Magdalena
1437,Rose
1447,Tracy
1456,Mark
1463,Kenneth
1481,Jean
1490,Adeline
1507,Christopher
1512,George
1517,"Nancy,Mary,Pat"
1520,Tommy
1525,Frederick
1527,Eva
1528,Jonathan
1530,John
1531,Gwendolyn
1536,"Gaynell,Carter"
1542,Angela
1573,John
1575,Matthew
1578,Christopher
1581,Joyce
1584,"Denise,Louise"
1585,Peggy
1590,"Michael,Joyce"
1591,Harold
1593,Jean
1595,Patricia
1615,"David,Kristen"
1637,Paul
1647,Araceli
1649,Donna
1653,Darrell
1659,Brian
1661,Daniel
1668,Judith
1677,Harry
1690,Jonathan
1706,Jane
1718,Rene
1728,Thomas
1732,Susan
1735,Karl
1739,Robert
1743,Patricia
1760,Tommy
1771,"Manual,Teresa"
1772,Melissa
1776,Ben
1778,"Rose,Melanie"
1779,"Gonzalo,Dennis"
1780,Oma
1789,Bridget
1809,Ashlyn
1811,Joshua
1815,Nathaniel
1822,Jeffrey
1840,Mary
1847,Gary
1849,Danny
1851,Esther
1852,John
1857,Gabriel
1864,Tiffany
1868,"Melissa,Marcus"
1872,"Brad,Cindy"
1892,Glenn
1912,Roy
1917,Muriel
1930,Laura
1935,Kathleen
1940,Clayton
1941,"George,Tonya"
1967,"William,John"
1973,William
1979,Dominic
1997,"Michael,Mary"
2002,"Johnathan,Charles"
2006,"Francisco,Mark"
2008,"Maryann,Richard"
2014,"Alicia,Vergie"
2023,Emily
2031,Mary
2032,Lisa
2035,Bonnie
2044,Francis
2056,"Karly,Pam"
2072,Ramona
2075,Rose
2087,"Camille,Vance"
2101,"Matt,Michael"
2106,Emory
2116,James
2118,"Vincent,Alice"
2139,Blanche
2148,Brittany
2149,Joanne
2152,Gayle
2154,Linda
2175,Willie
2177,John
2180,Katherine
2184,Kirk
2192,Arthur
2194,Johnny
2200,Corinne
2202,Linda
2209,Lucile
2212,"Vanessa,Frances"
2239,Scott
2243,"Dorothy,Dana"
2245,Loraine
2255,Barbara
2259,James
2265,Erin
2267,Samuel
2289,James
2297,Michele
2298,"Sheri,Marcia"
2303,Kathy
2305,Marta
2329,Alfred
2330,Sarah
2335,Irving
2338,Shane
2339,Jackson
2345,Connie
2349,Steven
2355,Berta
2365,Justin
2369,"Anna,Alana,Steven"
2370,Mary
2372,"Brandee,Richard"
2373,"Michelle,Laura"
2375,Charles
2376,Cathy
2377,Constance
2386,Joy
2390,"Judy,Alice"
2395,Josef
2397,Alvin
2408,Ronald
2415,Darlene
2425,John
2426,"Victor,James"
2427,Paulette
2435,Teddy
2445,William
2446,Clarence
2450,"Agustin,Howard"
2452,Anne
2460,Robert
2465,Peter
2466,"Vada,Angela"
2467,"Ross,Anthony"
2469,"Derrick,Norma"
2476,"Jeffrey,James"
2477,Evelyn
2484,Charles
2489,Elizabeth
2503,Sabrina
2510,Pamela
2521,"Michael,Wilfred"
2522,Sharon
2526,"Bonnie,John"
2528,Edith
2529,Francisco
2530,Kathleen
2548,Robert
2551,Charles
2571,"Bobby,Samuel"
2577,Brandon
2586,"Sarah,Duane"
2599,"Donald,Kelly"
2600,Bill
2604,Brian
2605,Adam
2631,"Thanh,Jerry,Erica"
2636,Darlene
2655,Roderick
2667,Randy
2670,"Mark,Richard"
2678,Alex
2679,Dorothea
2688,"Adrianne,Megan"
2708,Brandy
2712,Randy
2717,Robert
2720,"Larry,Cheryl"
2770,"Jonathan,Vincent"
2781,"Denise,Linda"
2790,Jack
2814,Hector
2815,Jane
2826,Edward
2828,Kyra
2833,Ernie
2838,Frank
2841,Fabian
2847,"Fran,Patricia"
2851,Cheryl
2874,Ruby
2884,Donald
2889,Patrick
2890,"Ines,Rick"
2891,"Latasha,Crystal"
2893,Misty
2897,Joe
2899,"Don,Meryl"
2901,Maria
2907,Irene
2918,Maggie
2924,Brian
2939,Anna
2940,"James,Ramon"
2957,Damien
2965,Rose
2981,Emilio
2985,Thomas
2996,Bob
2998,"Harriet,Eleanor"
2,Jeffrey
6,Virginia
8,Julie
12,Jeffrey
19,"Jodi,Robert,Dawn"
25,"Melissa,Ronald"
38,Marci
41,"Wendy,Aurelia"
53,Dorothy
56,Linda
67,Phyllis
71,Rita
94,Travis
96,"Pablo,Jonathan,Wilma"
101,Ann
102,Margaret
106,Ike
117,"Thelma,Albert"
119,Valarie
123,Jack
124,Lucas
140,"Dorothy,Wayne"
154,Michael
160,Walter
163,Karen
167,"Lisa,Rita"
170,"Vivian,Kathryn"
173,Viola
187,Pauline
198,"Michael,Michael"
220,Thomas
225,Donnie
233,James
239,"Michelle,Kelly"
244,Olga
249,Michael
251,Michael
259,"Alice,Michael"
275,Christy
278,Eric
298,Darlene
304,Bob
310,Paula
313,"Dennis,Allan"
315,Irene
318,Jennifer
332,Kristina
336,"Bonnie,Joshua"
342,"Robert,Genoveva"
346,Joseph
347,Jennifer
352,"Phil,Bernadine"
366,"Nancy,Kristina"
375,"Sharon,William"
389,"Leon,Lisa"
390,"Diann,Charles"
393,Kathy
399,Sadie
400,Kevin
402,Mark
403,Lilia
411,"Dwayne,Rachel"
415,Kenneth
416,Regina
421,"Charles,Melissa"
426,Harriette
435,Brenda
438,Paula
444,"Gregory,Walter"
451,Carlos
453,"Charlotte,Margarita"
457,Brandi
459,"Elda,Joyce,Iesha"
482,Albert
486,Linda
503,Scott
504,Felicia
512,Jason
514,"Ella,Charlene"
522,John
531,Kenneth
533,Virginia
536,Carlos
548,Glen
553,Kathleen
568,Charla
569,Caitlin
570,Kenneth
591,Dolores
592,Rose
593,Dave
608,Ronald
616,Susan
618,John
651,Silvia
696,Mark
705,Candice
707,Michael
717,Catherine
731,Andres
733,Adam
741,Barbara
742,Letitia
746,Mary
747,"Lisa,Paul"
757,Wayne
775,Betty
778,Christopher
780,William
789,Carol
793,Chance
800,Debra
804,Jocelyn
809,Christopher
811,Dante
821,Walter
825,Thomas
842,Ruben
851,Harold
853,"Robin,Keith"
854,Willene
861,Laura
865,Selena
877,David
886,Fernando
892,Joseph
896,Ray
897,"Elizabeth,Lucia,Susan"
898,Lynn
904,Jerome
905,Raphael
908,"Sandra,Kathy"
915,"Jonathan,Sidney"
917,Duane
919,"Anne,Richard"
930,Albert
931,Prudence
933,Karen
938,Karen
939,Gerald
966,Victor
969,Ricardo
972,"Jackie,Gregory"
978,Beverly
982,Elaine
990,"Carol,Lori"
993,Michael
995,Roberta
1011,"Marian,Patricia"
1040,Jordan
1046,Susan
1050,James
1062,"Ella,Danny"
1067,John
1071,Miriam
1077,Eric
1083,Jerry
1084,Nathan
1085,May
1094,Willard
1095,"Linda,Tasia"
1108,Vernon
1110,Austin
1120,Kimberly
1122,Karen
1124,Fred
1125,Dorothy
1131,Alesha
1146,Paulette
1147,Thomas
1148,Julius
1157,Elijah
1158,Betsy
1159,"Margery,Mary"
1162,Judith
1177,"William,Sylvester,Jason"
1179,Marguerite
1189,William
1191,Cindy
1194,Melanie
1200,James
1220,Clara
1231,Nell
1241,David
1242,Carolyn
1251,"Harold,Wilmer"
1271,David
1275,"Kristina,Petrina,Juanita,Daniel"
1283,Matthew
1290,Cynthia
1298,Jill
1300,Donna
1303,Edmond
1305,Willie
1353,James
1356,Miguel
1357,Melissa
1359,"Latonya,Guadalupe"
1364,Renee
1368,Richard
1374,Floyd
1375,Kathy
1376,Jessica
1383,Leslie
1390,Sophia
1392,Maurice
1398,Donald
1412,"Daniel,Terence"
1431,Maggie
1434,Maricruz
1437,Gary
1438,Luis
1467,"Carolyn,Michael"
1470,Brett
1474,Carlota
1482,Donald
1490,Frank
1503,Fredrick
1512,Lindy
1518,Eric
1523,"George,Vera"
1524,"Walter,Lawrence"
1525,Mildred
1528,Gregory
1534,Susan
1542,Sonya
1543,"Ernie,James"
1555,Jay
1562,Barbara
1567,"Grace,Maria"
1575,"Steve,Patti"
1578,"Janice,Mark,Eric"
1581,Juliette
1593,Teresa
1597,James
1607,Edward
1621,George
1646,Helen
1647,Martha
1649,Lacy
1666,Shu
1675,Michael
1676,John
1680,"George,John,Bruce"
1687,Julia
1692,Taylor
1737,"Donna,Stephen"
1738,April
1744,Kristian
1745,Rose
1751,Glen
1760,Mario
1768,Benny
1780,Walter
1781,Josephine
1787,Marion
1811,Henry
1822,Gladys
1837,Shelly
1850,Meghan
1852,"Lillian,Catherine"
1853,"Samuel,Dean"
1854,Brett
1857,Jillian
1864,"Joel,Mark"
1866,Judy
1871,Natalie
1875,Betty
1879,Jennifer
1884,Margaret
1890,Luke
1893,Nilsa
1909,Wilma
1913,Ann
1914,Susan
1915,"Maurice,Santos"
1917,Charles
1924,Mary
1927,Frank
1931,Edwin
1934,Julia
1941,Sherrie
1945,Irma
1948,"Hector,Norma,Harry"
1954,Emma
1960,Cynthia
1961,"Shirley,James,Davis"
1972,Lisa
1973,"Beth,Matthew"
1997,Ruth
2008,Michael
2009,Erica
2012,Daniel
2014,"Michelle,William"
2016,Kristen
2023,Florence
2025,Edwin
2032,Kathy
2048,Wendy
2067,"Sarah,Hector"
2077,Charity
2089,"Ronald,Robert,William,John"
2091,"Rose,Cary"
2099,Cory
2100,Noah
2105,"Jason,Walter"
2112,Irena
2114,"Kevin,Howard,Meredith"
2116,Steven
2130,William
2138,"Jack,Robert"
2149,Gene
2150,Wendell
2155,Carrie
2157,"Brigitte,Emily"
2158,Lauren
2180,Clayton
2182,James
2183,"James,Chong"
2184,Jamie
2188,Melissa
2191,"Janet,Lucy"
2194,Amy
2212,Robert
2219,Brenda
2220,Daniel
2223,Vance
2232,"Leon,Lisa"
2233,Rhonda
2236,Carlos
2245,Patricia
2251,"Tommy,Kelly"
2255,Tracy
2257,Karen
2261,Larry
2265,Mary
2274,Gina
2281,Laura
2289,Leslie
2297,Esther
2305,Jason
2309,Terri
2311,"Mary,Eric"
2314,Mary
2322,Darcy
2323,Richard
2327,Evelyn
2329,Mary
2335,Jose
2341,Rachel
2345,Connie
2349,Albert
2358,Frances
2364,Carrie
2366,James
2369,Robert
2370,David
2374,Jillian
2379,David
2390,Dolly
2424,Corey
2442,Larry
2445,Edwin
2459,Jenny
2461,"Michael,Patricia"
2464,Jennifer
2471,Karen
2480,Brett
2485,William
2487,Andrew
2491,"Tracee,Betsy"
2495,"Betty,Eddie"
2503,"Robert,Marian"
2512,"Barry,Clarence"
2528,"Michael,George"
2530,Sandra
2531,Brittany
2541,Moira
2551,William
2555,"Gwendolyn,Ida"
2562,Bert
2573,Jason
2574,Asa
2577,Frank
2583,Joan
2591,Virginia
2604,Edith
2621,Barbara
2630,"Roger,Richard"
2634,"Connie,Tammy"
2647,"Mary,Dennis"
2649,William
2657,"Deborah,Eileen"
2659,Arturo
2667,Barbara
2670,Marilyn
2698,Marie
2712,Junior
2713,"Jessie,Bobby"
2720,Robert
2723,Jackie
2738,Barbara
2774,Troy
2777,Duane
2784,Evonne
2808,"Norman,Robert"
2814,Eduardo
2815,Theodore
2826,Robert
2827,Linda
2831,Robert
2833,"Lance,Sherri"
2843,Arthur
2863,Stuart
2865,Walter
2889,Estella
2893,"Gary,Marcus"
2897,Evelyn
2898,"Karen,Joy"
2899,Duane
2901,James
2904,Lydia
2907,"Elizabeth,Ruth"
2923,Chau
2930,Donald
2937,"Vicky,Ronald"
2941,Amy
2954,Harold
2969,Colleen
2987,Sheila
2991,Rodney
2996,Lynette
6,Pamela
8,Eric
13,Lester
19,Jack
21,"Sean,Donald"
40,"Richard,Jackeline"
58,Gordon
65,Terry
66,Denise
69,Anita
88,Gina
94,Caroline
96,Alicia
97,Michael
98,Joan
102,"Evelyn,Luella"
105,"Charles,Kent"
106,Blake
108,Doris
117,Barbara
119,Samantha
139,Roy
140,Claudia
154,Lisa
157,"Mary,John"
164,Russell
198,"Janice,Heather"
199,Dave
221,"Janice,David"
222,Amy
241,"Eugene,Teresa"
260,Kathleen
266,Elnora
277,James
301,Jeffrey
304,Yolanda
311,Diana
313,Pearl
318,Beverly
325,Lisa
346,James
351,"Thomas,Kathryn"
367,Alice
369,"Donna,Jason"
388,Mary
389,"Tammy,Vikki"
403,Mathew
416,Richard
438,Kimberly
444,Sharon
447,Juliette
454,Shannon
477,Bonnie
481,Laura
482,George
483,Esteban
491,"Sylvia,Katie"
494,Billy
495,"Vicki,Judith"
505,"Jason,Carl"
532,"Josephine,Raymond"
533,Paula
536,Brenda
548,Jose
549,Christopher
562,Dalia
566,Jessica
572,Michael
578,"Christy,America"
594,Noel
597,Gail
599,Zachary
605,Michael
609,Betty
618,Audrey
630,Ray
633,Steven
648,"Lisa,Emma,Melissa"
650,John
653,Thomas
655,Joseph
659,Paul
674,Cory
675,Leonard
684,Abraham
696,Daniel
699,Corinna
705,Larry
710,Yolanda
717,Melissa
736,"Edward,Linda"
737,Edward
740,Kathryn
757,"Pearl,Terrell"
768,Matthew
775,"Linda,John"
778,Stephen
779,Bridgette
780,Richard
787,Rafael
796,Eric
809,Regina
829,"Steven,Bertha"
846,"Jon,Clint"
853,Maria
856,Brett
861,Darrell
883,Martin
892,Edward
895,Gregory
896,Mikel
905,Marcy
910,William
917,Donald
922,Rebecca
930,Lara
936,James
938,Todd
939,Penny
941,James
950,Deborah
958,Chris
962,Sylvia
978,David
993,Shirley
995,John
998,Jennifer
999,Tanya
1003,"Albert,Mitchell"
1006,Jodi
1008,"Howard,Anna"
1017,David
1045,Helen
1051,Amy
1055,Michael
1073,Angelo
1078,Lanny
1083,"Debra,Miriam"
1086,Sandra
1094,Gary
1113,Richard
1120,Patricia
1124,Royce
1135,Linda
1150,Ben
1158,Bobbie
1162,Charles
1167,Pat
1174,Lisa
1178,"Jose,Timothy"
1184,Cindy
1205,Stephen
1217,Frances
1231,Yvonne
1244,Jill
1262,"Grace,Kenneth"
1271,Lon
1283,"Donald,Christine"
1290,Rachel
1300,Neil
1305,Ronald
1312,Jose
1318,Byron
1324,Leroy
1330,Elnora
1332,Cherise
1338,"Ryan,Margaret"
1341,"Rafaela,Kaitlin"
1352,Jennifer
1353,Michael
1360,Randolph
1361,Ladonna
1370,Franklin
1390,"Pamala,Pablo"
1398,Marvel
1399,"Jerry,Craig,Viola"
1401,"Matthew,Timothy"
1407,Jacob
1408,"Keith,Steven"
1412,Steve
1420,"Jose,Ora"
1422,Roland
1432,Neil
1438,Dominique
1439,Eric
1441,"Rick,Andrew"
1456,Julia
1458,Neil
1463,"Joseph,Jack"
1470,Owen
1474,Kevin
1482,Charles
1490,Arthur
1495,Clifton
1516,Edwin
1520,Tamera
1523,Susan
1524,Jeannie
1525,Ryan
1528,Kenneth
1534,"Lucia,Christopher"
1536,Patricia
1539,Sandra
1542,Sara
1553,Loretta
1555,Kathy
1570,"Irina,Arthur"
1582,"Paul,Carol"
1583,William
1584,Lucille
1591,Doreen
1593,Jay
1595,Julie
1596,Joanne
1604,Monroe
1607,Reginald
1608,"Margarita,Mary"
1619,"Morris,Jeffrey"
1621,Martin
1635,"Barbera,Briana"
1646,Wayne
1653,"Sarah,David"
1658,Harry
1661,Danny
1662,Marlene
1666,Lawrence
1667,Scott
1676,Arnold
1677,Thomas
1690,David
1698,Ryan
1705,Luis
1706,"Lawrence,Thomas"
1712,Natasha
1714,Robert
1722,"Juanita,Dominic"
1726,"Lourdes,Kendra"
1731,Ricky
1737,"James,Edna"
1743,Anthony
1754,Paul
1760,Norma
1765,Barbara
1771,Cory
1772,Keith
1778,Christina
1779,Philip
1782,"William,James"
1785,Alison
1787,Jose
1791,Kathleen
1815,Michael
1822,Matt
1840,Tammy
1842,Debbie
1845,John
1849,Margaret
1871,Joe
1873,"James,Bradley"
1885,Victor
1914,"Richard,Sheila"
1915,Mellie
1917,Mildred
1918,Kevin
1927,Shannon
1930,Francis
1931,Donna
1935,"John,Laurel"
1940,"David,Jacob"
1960,Carol
1964,Norma
1965,Carolyn
2002,Gary
2006,David
2012,Elizabeth
2028,Lana
2029,"Danny,Tamika"
2031,Neil
2042,Thomas
2045,Gail
2046,Annette
2048,Cheryl
2056,Robin
2064,Scott
2071,Michel
2072,Cassandra
2092,Ryan
2097,Rose
2100,Louise
2101,Max
2106,Donna
2107,Albert
2116,"Otto,Marc"
2126,Martha
2129,Christie
2130,Jessica
2132,Joan
2143,Leigh
2148,Christopher
2150,Dana
2154,Charles
2158,Charles
2186,Kimberly
2202,Cristi
2204,Clarence
2209,Kathryn
2212,Carol
2219,Phyllis
2223,Sarah
2239,"Tiffany,Patricia"
2243,Anna
2252,Mary
2265,Mike
2273,"Carl,Dale"
2274,"Dorthy,Mildred"
2281,Ellen
2302,"Courtney,Omar"
2303,Bridget
2325,Matthew
2327,Sheila
2328,"Helen,Danielle"
2337,Robert
2341,Edna
2349,John
2353,Sandra
2355,Alexander
2362,Mary
2364,Kathy
2365,"Janet,Stephen"
2373,Andre
2376,Dorothy
2386,Roger
2389,Julie
2395,Christal
2397,Carl
2403,Gabriel
2419,Patricia
2424,Charlene
2425,Bertie
2426,Larry
2435,"Brian,Alan"
2438,Betty
2452,Charles
2459,Janelle
2462,Marcella
2465,Ulysses
2466,Rodolfo
2471,Norman
2472,"Merri,Johnnie"
2473,Bambi
2476,Helen
2499,"Brenda,Angelina"
2507,"Robert,Victoria"
2513,Maureen
2521,Laquita
2524,Susan
2531,"George,Danielle"
2540,Richard
2541,John
2548,Miguel
2554,Judy
2555,Priscilla
2569,Phillip
2574,Kara
2596,Dorothy
2600,Katrina
2604,Robt
2617,Chad
2621,Quinn
2627,Jason
2629,"Heather,Shawn"
2630,Clarence
2634,Terrence
2636,David
2640,Gail
2646,September
2649,Patrick
2667,"Charlotte,Louise"
2670,Bobby
2677,"Marie,Edith"
2683,Charles
2685,Luis
2698,Phyllis
2700,"Kyle,Wesley"
2703,Lucille
2704,Pam
2708,Diane
2723,Amy
2734,Jerry
2746,Sally
2751,Jason
2769,Richard
2776,Robert
2777,"Ida,Jacque"
2782,Marvel
2784,Andrew
2805,"Neil,Kimberly"
2807,"Joanne,Andrea"
2814,Howard
2827,Louis
2828,Ralph
2836,Kevin
2841,Alfonso
2858,Joyce
2865,Cody
2867,Gertha
2870,Amanda
2874,Rosemary
2893,Heidi
2898,Gloria
2901,Sara
2911,Richard
2918,Sandra
2920,Kelly
2939,Shelia
2940,Dorothy
2944,"William,Marquetta"
2954,Michelle
2965,Charles
2969,Kathrine
2982,"Darren,Lois,Robert"
2985,Vernon
2994,Catherine
2998,Christopher
20,Toccara
21,William
24,Crystal
41,Johnnie
49,Ella
55,Tianna
56,Jane
66,Arlene
71,"Sheila,Misty"
94,Virginia
97,Dale
106,Marian
139,Anthony
147,"Berenice,Harry"
152,Justine
160,"Frederick,Heather"
173,Owen
187,Michael
188,Eloise
207,Matthew
218,Linda
220,"Edward,Robert"
239,Raymond
260,Debra
264,"Patsy,Gary"
267,Jeremy
295,Jennifer
315,Elizabeth
325,Ramon
332,Angela
346,Esteban
357,David
361,Olga
366,Jennifer
369,Faith
399,Ashley
400,Penny
412,Antonio
415,"John,Susan"
446,Rose
447,Sara
449,"Frank,Kim"
451,Michael
453,"Eddie,James"
465,"Jeffrey,Kristin"
483,Donald
486,Henry
491,Meaghan
492,Karin
494,Jose
495,Carlota
496,Susan
505,Luann
514,Vernon
532,Lucy
548,"Michael,Anneliese"
554,Darrell
575,Vivian
578,Elizabeth
579,Brenda
582,Margaret
591,Michael
594,Anthony
599,Brenda
608,Lou
609,"Thomas,Keith"
629,Kevin
633,Valeria
636,"Blake,Dale,Melissa"
640,Martha
655,Frank
659,Maxine
674,Christian
675,Charles
696,"Gene,William"
699,"James,Andrea"
702,Arthur
706,Judy
707,Jerry
717,Jean
733,May
740,"Tabitha,Robert"
746,"Dorothy,Michele"
768,Justin
772,Joan
775,Robert
791,Andrew
794,Ryan
796,Cynthia
800,Walter
815,Wendy
843,Elida
851,"William,Phyllis"
861,Jean
877,Taylor
878,"David,Ronald,Jeffrey"
881,"Jason,Hilda"
883,Mildred
886,Jeffrey
890,"Steven,Steve,Matthew"
892,Gail
894,Christopher
895,Kari
896,Reyna
902,Michael
905,David
908,"Richard,Rogelio"
917,Michael
918,"Aaron,Craig"
919,Dorothy
922,Dina
930,Robert
931,Nicole
932,Stephen
941,Jesse
949,"Velva,James"
957,Charles
962,"Celia,Leonard"
966,"Kevin,Toni"
969,"Earl,Stephen"
972,Amos
979,Kelly
985,Andre
986,Colin
990,Norman
992,Douglas
993,Everett
994,"Clara,Geneva"
1006,Julie
1011,Lillie
1062,Eugenia
1077,Stephanie
1085,Alvin
1086,Scott
1095,"John,Johnny"
1110,Gordon
1114,Richard
1117,Ronnie
1120,"William,Sherry"
1124,"Chris,Maribel"
1128,"Sandra,Donovan"
1129,Faye
1135,Kristie
1147,Samuel
1148,Phillip
1154,William
1158,Alice
1169,John
1172,George
1174,Gerald
1179,"Alice,Jonathan"
1190,"Irvin,Jason"
1198,Aida
1206,David
1242,Wanda
1244,Amanda
1262,Emory
1295,Dora
1299,Dustin
1306,Sarah
1324,Theodore
1325,Paul
1329,Randolph
1341,Rachel
1347,Eleanore
1348,Raul
1353,Jean
1356,Kerry
1357,Bill
1360,Gregory
1368,Joseph
1370,"Michael,Margaret"
1400,Bettie
1407,Joann
1409,"Eugene,Eugene"
1416,Steve
1435,Martha
1437,"John,Kelley"
1441,David
1456,Robert
1463,Dan
1467,Rebecca
1470,Anne
1474,Tamara
1481,Josie
1482,Virginia
1494,Eleanor
1495,"Nicole,Pamela"
1503,"John,Mohamed"
1518,Lynn
1519,"Amber,Anna"
1523,Michael
1530,Julius
1554,Julie
1563,Beatris
1567,Ruby
1584,Maria
1585,Lucien
1593,William
1595,Deloris
1596,Hazel
1597,"Irma,Steven"
1607,Juanita
1615,Jesus
1621,Carl
1637,"Robin,Herbert"
1646,David
1652,Rudolph
1658,Jeremiah
1668,John
1687,"Ronald,Liana,Thomas"
1695,Gilda
1705,Brian
1712,"Isabella,Charles"
1715,Terry
1717,"Clyde,Carson"
1722,Barbara
1727,Brenda
1728,Bonnie
1731,Maureen
1735,Sidney
1739,Christine
1754,"Dayle,Rodney"
1763,Debbie
1765,Brenda
1775,Michael
1782,Danny
1785,Marjorie
1787,Patricia
1789,James
1792,Roosevelt
1815,Lorie
1830,Rosa
1837,"David,Mike"
1838,"Johnny,Margaret"
1845,Kennith
1848,Adrienne
1851,Anne
1853,Kelsi
1854,Amanda
1858,Matthew
1868,Gary
1872,Levi
1873,Lisa
1885,Elda
1892,Joann
1907,"Deborah,Sylvester"
1914,Russell
1915,Edgar
1917,Robert
1927,Daniel
1931,Gerald
1938,"Ruth,Nicole"
1941,Andrew
1942,Donald
1954,Elizabeth
1959,"Micheal,Michael"
1960,Maria
1964,"Addie,David"
1965,Erica
1972,Jean
1973,Myrle
1979,Deanne
2009,Loan
2012,Steven
2015,"Patrice,Mary"
2016,Jeffrey
2025,"Brian,Robert"
2029,Leo
2032,Violet
2044,Hallie
2046,Elizabeth
2072,Edward
2079,"Megan,Steven"
2087,Gavin
2091,Michele
2097,"Patricia,Jeffrey"
2105,Sharon
2112,"Fern,Michelle,Nancy"
2129,Kevin
2132,"Margaret,Greta"
2137,Roscoe
2149,Terry
2152,Glenn
2154,Wayne
2155,Eleanor
2157,Scott
2158,Eduardo
2177,"Minh,Jerry,Carlos"
2179,"Mary,Charles"
2180,Nicole
2182,Kenneth
2191,Keith
2192,Kevin
2200,"Bobbie,John"
2202,Daniel
2204,Calvin
2217,"Theodore,Danielle"
2220,Dawn
2227,Ralph
2232,Michael
2236,Joanna
2239,Michael
2251,"Danielle,Lyle"
2265,Harold
2267,"Johnny,George"
2274,Damien
2280,Elvina
2281,Omar
2292,Keven
2297,Marie
2298,Edith
2304,Alice
2309,Edna
2314,"Sammy,Ruth"
2316,Deborah
2322,"Stacey,Elijah,Louis"
2325,Mary
2328,Susan
2336,"Pauline,Patrick"
2337,"Herschel,Nathaniel"
2338,Elizabeth
2345,"Sybil,Roberta"
2358,"Natasha,Magdalena"
2362,Manuel
2364,Elizabeth
2366,Laura
2373,John
2374,Belinda
2377,Gloria
2384,John
2400,Andrew
2403,Wendy
2404,"Marianne,Ida"
2407,Judy
2415,"Sharon,Jo"
2419,"Anna,Twila,Jennifer"
2435,Kevin
2438,"Herman,Paul"
2445,Kenneth
2446,Carolyn
2450,Todd
2464,Katrina
2465,Janice
2469,Leigh
2471,Denise
2485,Michele
2489,Brenda
2490,"Beverly,Alexander"
2495,Kenneth
2512,Vera
2515,"Tammy,Sharon"
2524,"Marvin,Joann"
2525,Carole
2528,Catherine
2529,Mary
2530,Theodore
2534,Marcia
2548,Sandra
2569,Tanner
2574,Mary
2577,Stuart
2586,Rose
2591,William
2599,"Kelly,Daniel"
2604,Margaret
2605,Mary
2612,"Bob,Donald"
2617,Vincent
2622,"Jeff,Glenda"
2627,Curtis
2630,William
2636,William
2640,"Laura,Jack"
2647,Ernesto
2649,Stacey
2654,"Ethel,Lauren"
2678,"Robin,Elaine"
2679,Shelley
2683,Daniel
2685,"Kari,Ruby"
2698,Toni
2704,Heath
2708,Donald
2712,Mark
2717,Annette
2721,"Paul,Dorthy"
2723,Carolyn
2725,Adam
2730,Deborah
2734,Eddie
2738,"Richard,Catherine,Susan"
2751,Charles
2765,Michael
2770,Jonathan
2774,Jeffrey
2777,Patricia
2781,"Evan,Mauro"
2784,Daphine
2799,Stephen
2827,"Jeremy,Terry"
2828,Peter
2831,Tina
2841,Brandon
2847,"Malcolm,Angie"
2858,Scott
2863,Lenora
2866,Ebony
2867,Kristina
2870,Bonnie
2884,Edwin
2890,"Gary,Jessica"
2891,Ronald
2892,"Paul,Shirley"
2897,Thomas
2903,Evangeline
2918,William
2924,Mary
2935,"James,Pamela"
2937,Tami
2940,Christina
2941,Wade
2952,Catherine
2963,Anita
2965,Joseph
2982,Carol
2983,Suzanne
2987,Cindy
2,Timothy
6,Karl
12,"Brian,Glenn"
13,"Wendy,Jessica"
18,"Kevin,Larry"
24,Sharon
35,Dan
38,Clayton
40,Charles
41,Arnold
42,Tammy
55,"David,Nicolasa"
58,"Walter,Paul"
66,Carl
67,"Lois,Sarah,Robert"
87,Marie
88,"Sterling,Jeffrey"
103,Sylvia
105,Earlene
106,Lisa
108,Gabriel
119,"Catherine,Lisa"
125,"Vera,Kerry"
150,Carrie
203,Lisa
207,Dana
209,Mark
210,Ulysses
218,George
220,Clifford
222,Janet
225,Trula
241,Richard
244,Terrence
263,Michael
267,Kathleen
272,Theresa
275,"Janice,Daniel"
277,Glenda
295,"Eunice,Jaclyn"
296,Alexandra
310,"Ruth,Cindy"
311,Sandra
320,William
331,"Maegan,Lois"
336,Linda
357,"Regina,Sharon"
361,Marcella
367,Gracie
369,Charles
372,Shelley
388,Mary
393,"Janel,David"
401,Joseph
402,Gale
412,Richard
419,Jennifer
420,Jay
447,Florence
449,Scott
454,Micheal
457,Max
465,James
470,"Martin,Norma"
486,Donna
492,"Arlene,Betty"
504,Heather
512,"Misty,Viola"
522,Danny
532,Vickie
549,Nancy
554,"John,Eileen,Kay"
562,Elsie
579,Wilma
582,Phillip
593,Florence
597,Arthur
599,Jacqueline
603,"Michael,Donna"
609,Alan
616,Barbara
629,Emily
637,Carole
650,Johnny
651,Elmer
652,Grace
653,Leon
655,George
659,My
660,George
672,Derrick
674,Roosevelt
699,Christine
703,Carl
705,Sue
706,"Heather,Jose"
727,Eveline
731,David
742,Steven
746,Peter
770,Quinn
772,"Regina,James,Jeannette"
787,Stephanie
791,Irving
796,Natalie
800,Adriana
804,Wesley
811,Steven
815,Eric
825,"Stacy,Michele,Robert"
828,Terence
829,Jamie
832,Renee
842,Theda
846,Sandra
854,"Alvin,Virginia"
865,Carmen
881,Bonnie
890,Edward
894,William
898,Rebecca
915,Humberto
918,Bud
922,Maria
927,Melissa
932,Margaret
936,"Teresa,Natalie"
939,Charles
941,Trevor
949,Allene
954,David
969,Alison
982,Jose
988,Lester
992,Anthony
993,Daniel
994,"Jeanne,Dana"
995,Lucille
998,"Stephen,Katherine,Neal"
1003,Michael
1006,Arturo
1008,Jose
1012,Robert
1017,"Darrell,Robin"
1040,David
1046,Britta
1049,Claire
1050,Bernice
1071,Carl
1073,Teresa
1085,Heidi
1086,Edward
1094,Rita
1104,Mary
1106,Robert
1110,Victoria
1114,Ruth
1116,Jeffrey
1125,Vada
1129,Kelli
1135,Tashina
1140,Joseph
1154,Christine
1162,Lan
1164,Ann
1169,"Rosemary,Gary"
1172,Ashley
1174,Debra
1178,Jimmie
1184,George
1189,Peter
1190,Stephen
1191,Susan
1193,Richard
1194,Beatrice
1198,Erick
1200,"Marcia,Olivia"
1205,Allen
1206,Gregory
1217,Gerardo
1231,Eddie
1251,Ronald
1271,John
1286,"Anthony,Susan"
1298,Vickie
1299,Priscilla
1300,Dane
1305,Mario
1306,Timothy
1314,Toni
1324,Roosevelt
1329,Susan
1330,Keesha
1341,Jeff
1348,Michael
1356,Ralph
1359,Amanda
1374,Kevin
1376,"Mary,Jerry,Brandon"
1389,Alexander
1391,Donna
1392,Edna
1395,Ruth
1398,Brad
1399,Ben
1406,"Emily,Junior"
1409,"Mildred,Mable"
1412,Eric
1416,Enid
1422,Joseph
1424,Katherine
1431,Lisa
1432,Matthew
1438,Rosalinda
1439,"Cathy,Candy"
1441,Theresa
1447,Paul
1470,Hilda
1482,Timothy
1495,Lucille
1507,Gertrude
1512,Ruth
1514,Edith
1518,David
1520,"Laurence,Jenifer"
1527,Billy
1531,"Timothy,Barbara"
1548,"Cathy,John"
1553,"Carrie,Tina"
1554,"Abraham,Justin"
1555,Derek
1570,Roger
1575,Karen
1581,Jeremiah
1591,Shawna
1595,Tamar
1596,Courtney
1597,Stephen
1601,David
1615,Glenn
1621,David
1625,Lora
1635,Annie
1659,Darrell
1661,Jefferson
1662,Samantha
1668,Richard
1675,Sara
1676,Leticia
1703,Sulema
1714,"Andrew,Peter"
1728,"Georgia,Dorothy"
1732,"Douglas,Ressie"
1738,"Ernest,Anne"
1739,Earline
1744,Dennis
1751,Lloyd
1754,Sarah
1772,Melvin
1778,Frankie
1782,Priscilla
1785,"Robert,Gerald"
1791,Tammie
1792,"Wilbur,Ellis"
1803,Peter
1809,"Catherine,Sharon"
1811,Jennifer
1822,Brenda
1830,Reta
1838,Charles
1849,Charles
1852,Harlan
1857,"Francis,Joshua"
1864,Richard
1868,Annette
1872,Christina
1874,John
1875,Elena
1884,"George,Elizabeth"
1892,Timmy
1893,Claire
1930,Susan
1935,Ronald
1940,Lillie
1942,William
1944,Robert
1948,Katherine
1954,Frances
1961,Thomas
1965,Larry
1967,Consuelo
1979,Luis
2006,Ronald
2008,Lloyd
2009,Bernice
2015,Jessica
2017,Kathleen
2023,Perry
2031,Betty
2035,James
2045,Samantha
2046,Debra
2064,David
2077,Susan
2100,Phyllis
2106,Vernon
2114,Juan
2118,Lauren
2126,Kyle
2130,"John,Ricardo"
2137,Matthew
2138,Justin
2139,Robert
2144,"Mary,Robert"
2148,Edwina
2149,Lorenzo
2154,Wayne
2175,"Joseph,Douglas"
2182,"Ana,Lucille"
2191,Jessie
2193,Janetta
2194,Justin
2204,Judith
2217,Tabitha
2219,Hazel
2227,Vernon
2229,Angela
2233,"Karina,Christopher"
2243,Marjorie
2252,Howard
2259,"Leah,Deanna"
2267,Sharon
2280,Oscar
2281,Carl
2292,"Alice,Eric"
2297,John
2302,Charles
2304,Robert
2309,John
2311,Mary
2328,Roger
2330,Madeline
2338,Julia
2355,Carol
2366,"Joseph,Leona"
2377,Norman
2384,"Charles,Hazel"
2389,Mildred
2390,Pamela
2395,"John,Laurie"
2403,"Richard,Carolyn"
2407,Charles
2420,Nancy
2442,Philip
2446,Thomas
2452,"Mario,Cathy"
2459,Alma
2461,John
2464,"Mark,Lucia"
2467,Derek
2473,Kay
2477,"Phillip,John"
2480,"Hector,Joseph,Michael"
2484,Robert
2490,Ann
2491,Miguel
2507,Jeanette
2510,"Mark,Shirley"
2513,Jonathan
2515,Mario
2522,Sharon
2526,James
2554,Joyce
2564,Rosa
2569,"Ronnie,John"
2577,Eric
2583,Nina
2586,Thomas
2588,"Shannon,Robert"
2591,"Jay,Margaret"
2600,"Jeffery,Clara"
2605,Eugenio
2612,Joseph
2617,Patricia
2622,William
2627,Michelle
2629,Manuel
2633,Vivian
2647,Martha
2655,"Susan,Laverna"
2659,Gilbert
2677,Jimmie
2679,Carmen
2685,Chester
2688,Christina
2700,Sharon
2703,Maxine
2713,"Elmer,John"
2725,"Connie,Jasmin"
2734,William
2766,Michele
2769,"Lawrence,Stephen"
2776,Anthony
2799,"Cindy,Paul"
2814,Kevin
2815,William
2831,Mason
2836,Alice
2843,Richard
2858,David
2865,Joel
2866,"Patsy,Janice"
2870,Gloria
2892,Kitty
2899,Patricia
2901,Leslie
2903,Geneva
2904,Susan
2907,Sharon
2915,"Edith,Derrick"
2924,Irene
2932,Bruce
2939,Betty
2941,Kenneth
2944,Luella
2955,Carol
2981,Matthew
2983,Michael
2985,Kevin
2994,Charles
2996,Christopher
2998,Daniel
