ID,Family Name,First Name
17,Samuels,Kennith
29,Armstrong,Grace
29,Michalak,Grace
113,Pewitt,Heather
113,Levasseur,Heather
120,Green,Kim
120,Knapp,Kim
171,Dwight,James
171,Dwight,Kimberly
171,Henning,James
171,Henning,Kimberly
171,Pryor,James
171,Pryor,Kimberly
307,Andres,Mark
307,Mcfaul,Mark
340,Marsh,Mary
378,Bair,William
378,Bair,Marie
378,Russ,William
378,Russ,Marie
400,Pikula,Neil
431,Nelson,John
439,Logan,Raymond
439,Daugherty,Raymond
457,Daley,Lori
576,Reyes,Bettye
576,Parrow,Bettye
576,Muniz,Bettye
586,Crawford,Kirby
586,Favela,Kirby
586,Roach,Kirby
718,Finch,Patricia
718,Mccormick,Patricia
743,Stickel,Mary
743,Morrow,Mary
766,Villicana,Jose
861,Wright,Sherry
870,Mitchell,Bart
870,Burgess,Bart
917,King,Karen
917,Tartaglione,Karen
924,Bowe,Elizabeth
980,Nelson,David
1021,Ovalle,Sandra
1024,Ibarra,Daniel
1024,Fossum,Daniel
1024,Holland,Daniel
1042,Schwartz,Lori
1052,Blackard,Jeannette
1052,Aldridge,Jeannette
1110,Wick,Sergio
1116,Edwards,Charlotte
1116,Green,Charlotte
1118,Chennault,Stephen
1118,Gallagher,Stephen
1157,Labo,Steve
1182,Davis,Tanya
1250,Tienda,Richard
1250,Sisson,Richard
1381,Flores,Roscoe
1382,Beery,Mike
1382,Miller,Mike
1386,Carnes,Robert
1461,Azim,Debra
1461,Blanton,Debra
1462,Montgomery,Michael
1462,Montgomery,Jeanette
1462,Nielsen,Michael
1462,Nielsen,Jeanette
1462,Hickey,Michael
1462,Hickey,Jeanette
1522,Fraley,Alvin
1594,Smith,Ana
1594,Easter,Ana
1596,Benefield,Eva
1596,Scrudato,Eva
1640,Bowey,Sharon
1650,Johnson,Matthew
1686,Lark,John
1686,Knapchuck,John
1758,Swavely,Tabitha
1758,Murphy,Tabitha
1783,Stremming,Mary
1846,Nine,Anna
1846,Riffe,Anna
1859,Harty,Robert
1859,Edmunds,Robert
1878,Wong,Chris
1878,Long,Chris
2018,Raymo,Anthony
2018,Honeycutt,Anthony
2018,Barnes,Anthony
2156,Foulks,Becky
2156,Foulks,John
2156,Parker,Becky
2156,Parker,John
2178,West,Patrick
2178,Albin,Patrick
2206,Haitz,Tamika
2223,Swindle,Larry
2307,Mcvicker,Stephen
2307,Brandon,Stephen
2307,Garcia,Stephen
2312,Furman,Arthur
2349,Rogge,Thomas
2465,Vasquez,Rene
2522,Dearing,Kim
2547,Dwyer,Shaquita
2547,Kuhn,Shaquita
2563,Torres,Antonio
2563,Williams,Antonio
2574,Thole,Nicole
2696,Killam,Henry
2696,Honse,Henry
2698,Davila,Timothy
2733,Grant,Vickie
2817,Adams,Elizabeth
2817,Dombrowski,Elizabeth
2828,Hayes,Caleb
2876,Dominguez,Kathryn
2876,Green,Kathryn
2876,Fennessey,Kathryn
2960,Knapp,Trevor
2960,Ferber,Trevor
17,Samuels,Marla
29,Armstrong,Matthew
29,Michalak,Matthew
92,Whipple,Olivia
93,Phillips,John
113,Pewitt,Robert
113,Levasseur,Robert
171,Dwight,Albert
171,Henning,Albert
171,Pryor,Albert
225,Hines,Gary
225,Sun,Gary
281,Marcus,Susie
340,Marsh,William
354,Lee,Jose
431,Nelson,Christine
439,Logan,Justin
439,Daugherty,Justin
455,Hooten,Wilma
455,Gonzalez,Wilma
457,Daley,Barbara
586,Crawford,Mickey
586,Crawford,Gary
586,Favela,Mickey
586,Favela,Gary
586,Roach,Mickey
586,Roach,Gary
590,Danker,Diane
590,Carter,Diane
590,Young,Diane
612,Deluca,Neil
612,Glover,Neil
612,Nix,Neil
738,Mendez,Annemarie
743,Stickel,James
743,Morrow,James
744,Stone,Joy
744,Ellis,Joy
756,Vinion,Mary
756,Himes,Mary
774,Ibarra,Sara
823,Travis,Marilyn
863,Roy,Jay
863,Martin,Jay
964,Fowler,Jennifer
1042,Schwartz,Ethan
1052,Blackard,John
1052,Aldridge,John
1116,Edwards,Ana
1116,Green,Ana
1118,Chennault,Maria
1118,Gallagher,Maria
1137,Williams,Henry
1137,Summers,Henry
1157,Labo,Lisa
1176,Schrader,John
1250,Tienda,Judy
1250,Sisson,Judy
1322,Johnson,Eva
1382,Beery,Avis
1382,Miller,Avis
1386,Carnes,Jeff
1461,Azim,Kip
1461,Blanton,Kip
1520,Bash,Tommy
1533,Bergmark,June
1533,Muffley,June
1542,Rodriquez,Angela
1593,Jones,Jean
1593,Cromwell,Jean
1593,Linton,Jean
1633,Ulatowski,Carol
1640,Bowey,Jacob
1650,Johnson,Ricardo
1663,Rakowski,Theresia
1663,Townsend,Theresia
1758,Swavely,Jamie
1758,Murphy,Jamie
1760,Vrabel,Tommy
1760,Morrow,Tommy
1783,Stremming,Elva
1801,Kitchens,Dolores
1801,Eplin,Dolores
1808,Lundberg,Justin
1831,Thompson,Petra
1946,Blain,Herbert
1946,Freeman,Herbert
1946,Faulkner,Herbert
1984,Morrow,Manuela
1984,Coates,Manuela
2142,Moten,Sandra
2156,Foulks,Iris
2156,Parker,Iris
2178,West,Alonzo
2178,Albin,Alonzo
2189,Jacob,Maria
2189,Booton,Maria
2312,Furman,William
2349,Rogge,Steven
2352,Deguire,Geraldine
2406,Boyd,Mary
2433,Evans,Nancy
2465,Vasquez,Peter
2470,Rossano,Stanley
2509,Mitchem,Reba
2509,Sturgill,Reba
2509,Harris,Reba
2522,Dearing,Sharon
2548,Lejeune,Robert
2548,Saling,Robert
2579,Cepero,Hallie
2579,Moseley,Hallie
2644,Sarkisian,Gary
2656,Hardin,Linda
2711,Milano,Patricia
2711,Nivens,Patricia
2733,Grant,Bradley
2759,Fannin,Laurence
2828,Hayes,Kyra
2850,Stockton,Myra
2850,Hasting,Myra
2996,Rodriguez,Bob
17,Samuels,Joe
92,Whipple,Charles
93,Phillips,Ernest
113,Pewitt,Willie
113,Levasseur,Willie
120,Green,Lorie
120,Knapp,Lorie
225,Hines,Donnie
225,Sun,Donnie
237,Bacon,Irene
282,Flens,Kenneth
282,Jagger,Kenneth
303,Cardona,Monica
303,Santiago,Monica
307,Andres,John
307,Mcfaul,John
370,Mccarroll,Anthony
370,Heald,Anthony
378,Bair,Kenneth
378,Russ,Kenneth
386,Starr,Brian
400,Pikula,Kevin
456,Coble,Willie
456,Johnson,Willie
457,Daley,Brandi
576,Reyes,Marlene
576,Parrow,Marlene
576,Muniz,Marlene
590,Danker,Larry
590,Carter,Larry
590,Young,Larry
602,Nolan,Shawn
612,Deluca,Sheryl
612,Glover,Sheryl
612,Nix,Sheryl
738,Mendez,Willie
743,Stickel,Tracey
743,Morrow,Tracey
766,Villicana,Jane
823,Travis,Jason
861,Wright,Laura
917,King,Duane
917,Tartaglione,Duane
924,Bowe,Olive
1024,Ibarra,Betsy
1024,Fossum,Betsy
1024,Holland,Betsy
1042,Schwartz,Jesse
1052,Blackard,Judith
1052,Aldridge,Judith
1066,Orozco,Marc
1066,Orozco,Emily
1066,Bolenbaugh,Marc
1066,Bolenbaugh,Emily
1066,Bullard,Marc
1066,Bullard,Emily
1082,Johnson,Mark
1110,Wick,Austin
1157,Labo,Elijah
1284,Harris,Victor
1284,Alexander,Victor
1322,Johnson,John
1381,Flores,Sandra
1386,Carnes,Lillian
1533,Bergmark,Catherine
1533,Muffley,Catherine
1542,Rodriquez,Sonya
1593,Jones,Teresa
1593,Cromwell,Teresa
1593,Linton,Teresa
1640,Bowey,David
1650,Johnson,Carolyn
1651,Nev,Roxana
1651,Russell,Roxana
1686,Lark,Violet
1686,Knapchuck,Violet
1697,Nowak,Trevor
1697,Salazar,Trevor
1760,Vrabel,Mario
1760,Morrow,Mario
1804,Barrios,Joseph
1808,Lundberg,Paul
1839,Culbreath,Sarah
1839,Douthit,Sarah
1846,Nine,Iris
1846,Riffe,Iris
1878,Wong,Kenneth
1878,Long,Kenneth
1946,Blain,Bruce
1946,Freeman,Bruce
1946,Faulkner,Bruce
1984,Morrow,Alexander
1984,Coates,Alexander
2142,Moten,Ruth
2223,Swindle,Vance
2349,Rogge,Albert
2378,York,William
2378,Jennings,William
2378,Wheat,William
2378,Rister,William
2509,Mitchem,Shannon
2509,Sturgill,Shannon
2509,Harris,Shannon
2544,Saldana,Virginia
2544,Morsbach,Virginia
2547,Dwyer,Dennis
2547,Kuhn,Dennis
2549,Roberts,Carolyn
2549,Asberry,Carolyn
2563,Torres,Dana
2563,Williams,Dana
2574,Thole,Asa
2579,Cepero,Guadalupe
2579,Moseley,Guadalupe
2696,Killam,Erika
2696,Honse,Erika
2698,Davila,Marie
2759,Fannin,Kenneth
2759,Fannin,James
2817,Adams,Andrea
2817,Dombrowski,Andrea
2876,Dominguez,Brandon
2876,Dominguez,James
2876,Green,Brandon
2876,Green,James
2876,Fennessey,Brandon
2876,Fennessey,James
2877,Diamond,Agnes
2877,Davis,Agnes
2960,Knapp,Jeremy
2960,Ferber,Jeremy
2996,Rodriguez,Lynette
17,Samuels,David
68,Streb,Maryann
92,Whipple,Randy
93,Phillips,Marie
191,Fuhrman,William
191,Reichert,William
281,Marcus,John
282,Flens,Bill
282,Jagger,Bill
340,Marsh,Tyrone
439,Logan,Brian
439,Daugherty,Brian
455,Hooten,Margaret
455,Gonzalez,Margaret
456,Coble,Saul
456,Johnson,Saul
479,Dismuke,Jennifer
479,Crabtree,Jennifer
479,Arnhart,Jennifer
555,Hedger,Zachary
555,Dorman,Zachary
576,Reyes,Roxanne
576,Parrow,Roxanne
576,Muniz,Roxanne
586,Crawford,Irene
586,Favela,Irene
586,Roach,Irene
602,Nolan,Jeffery
634,Grober,Vicki
634,Hall,Vicki
738,Mendez,Kimberly
756,Vinion,Ethel
756,Himes,Ethel
823,Travis,Heather
861,Wright,Darrell
870,Mitchell,Robert
870,Burgess,Robert
917,King,Donald
917,Tartaglione,Donald
964,Fowler,Roger
980,Nelson,Kenneth
1021,Ovalle,William
1066,Orozco,Jamie
1066,Bolenbaugh,Jamie
1066,Bullard,Jamie
1118,Chennault,Keely
1118,Gallagher,Keely
1137,Williams,Edward
1137,Summers,Edward
1182,Davis,Sandra
1250,Tienda,Melynda
1250,Sisson,Melynda
1284,Harris,Lois
1284,Alexander,Lois
1381,Flores,William
1461,Azim,Ruby
1461,Blanton,Ruby
1520,Bash,Tamera
1522,Fraley,Keith
1542,Rodriquez,Sara
1593,Jones,Jay
1593,Cromwell,Jay
1593,Linton,Jay
1596,Benefield,Joanne
1596,Scrudato,Joanne
1651,Nev,Alma
1651,Russell,Alma
1663,Rakowski,Darnell
1663,Townsend,Darnell
1686,Lark,Chauncey
1686,Knapchuck,Chauncey
1697,Nowak,Marvin
1697,Salazar,Marvin
1758,Swavely,Elease
1758,Murphy,Elease
1760,Vrabel,Norma
1760,Morrow,Norma
1804,Barrios,Elizbeth
1831,Thompson,Jesse
1846,Nine,Beverly
1846,Riffe,Beverly
1859,Harty,Jean
1859,Edmunds,Jean
1878,Wong,Maureen
1878,Long,Maureen
1946,Blain,Crystal
1946,Freeman,Crystal
1946,Faulkner,Crystal
2040,King,Sharlene
2142,Moten,Diane
2223,Swindle,Sarah
2312,Furman,Diana
2349,Rogge,John
2352,Deguire,Sarah
2378,York,Cedric
2378,Jennings,Cedric
2378,Wheat,Cedric
2378,Rister,Cedric
2406,Boyd,Rhoda
2433,Evans,Bessie
2465,Vasquez,Ulysses
2509,Mitchem,Jesse
2509,Sturgill,Jesse
2509,Harris,Jesse
2544,Saldana,Katheryn
2544,Morsbach,Katheryn
2548,Lejeune,Miguel
2548,Saling,Miguel
2574,Thole,Kara
2579,Cepero,James
2579,Moseley,James
2644,Sarkisian,Rachel
2656,Hardin,Jose
2696,Killam,Barbara
2696,Honse,Barbara
2698,Davila,Phyllis
2773,Bracero,Terrie
2773,Fiorentino,Terrie
2817,Adams,Jimmy
2817,Dombrowski,Jimmy
2828,Hayes,Ralph
2850,Stockton,Virginia
2850,Hasting,Virginia
2877,Diamond,Miriam
2877,Davis,Miriam
2960,Knapp,Thomas
2960,Ferber,Thomas
68,Streb,Leann
113,Pewitt,Paul
113,Levasseur,Paul
191,Fuhrman,Valerie
191,Reichert,Valerie
237,Bacon,Rodney
282,Flens,Mitchell
282,Jagger,Mitchell
340,Marsh,Charlene
354,Lee,Tameika
354,Lee,Anne
370,Mccarroll,Mayra
370,Heald,Mayra
378,Bair,Deb
378,Russ,Deb
386,Starr,Garnet
400,Pikula,Penny
431,Nelson,Violet
479,Dismuke,Jessica
479,Crabtree,Jessica
479,Arnhart,Jessica
555,Hedger,Charles
555,Dorman,Charles
590,Danker,Deborah
590,Carter,Deborah
590,Young,Deborah
612,Deluca,Joseph
612,Glover,Joseph
612,Nix,Joseph
718,Finch,Efrain
718,Mccormick,Efrain
744,Stone,Angela
744,Ellis,Angela
766,Villicana,John
774,Ibarra,Nathaniel
861,Wright,Jean
917,King,Michael
917,Tartaglione,Michael
924,Bowe,Dale
1021,Ovalle,Edwin
1024,Ibarra,Mollie
1024,Fossum,Mollie
1024,Holland,Mollie
1042,Schwartz,Joseph
1082,Johnson,Barbara
1110,Wick,Gordon
1137,Williams,Lee
1137,Summers,Lee
1176,Schrader,Tammy
1462,Montgomery,Rosie
1462,Nielsen,Rosie
1462,Hickey,Rosie
1522,Fraley,Cheryl
1593,Jones,William
1593,Cromwell,William
1593,Linton,William
1596,Benefield,Hazel
1596,Scrudato,Hazel
1633,Ulatowski,Mary
1783,Stremming,Harry
1783,Stremming,Shirley
1801,Kitchens,Judy
1801,Eplin,Judy
1831,Thompson,Jacquelin
1839,Culbreath,Ross
1839,Douthit,Ross
1846,Nine,Katherine
1846,Riffe,Katherine
1962,Rocha,Kim
1962,Shook,Kim
2018,Raymo,Mary
2018,Raymo,Frank
2018,Honeycutt,Mary
2018,Honeycutt,Frank
2018,Barnes,Mary
2018,Barnes,Frank
2040,King,Marlene
2206,Haitz,Stephanie
2307,Mcvicker,Leroy
2307,Brandon,Leroy
2307,Garcia,Leroy
2352,Deguire,Raquel
2378,York,Mark
2378,York,Shirley
2378,Jennings,Mark
2378,Jennings,Shirley
2378,Wheat,Mark
2378,Wheat,Shirley
2378,Rister,Mark
2378,Rister,Shirley
2433,Evans,Nicole
2465,Vasquez,Janice
2470,Rossano,Jessica
2547,Dwyer,Justin
2547,Kuhn,Justin
2548,Lejeune,Sandra
2548,Saling,Sandra
2549,Roberts,Levi
2549,Asberry,Levi
2563,Torres,Anne
2563,Williams,Anne
2574,Thole,Mary
2644,Sarkisian,Paul
2698,Davila,Toni
2711,Milano,William
2711,Nivens,William
2733,Grant,Warren
2759,Fannin,Marisela
2773,Bracero,Justin
2773,Fiorentino,Justin
2779,Hughes,Mark
2779,Rogers,Mark
2817,Adams,Clarissa
2817,Dombrowski,Clarissa
2828,Hayes,Peter
2876,Dominguez,Kathy
2876,Green,Kathy
2876,Fennessey,Kathy
68,Streb,Deanne
93,Phillips,Sonia
120,Green,Clayton
120,Knapp,Clayton
225,Hines,Trula
225,Sun,Trula
237,Bacon,Ronald
281,Marcus,Lisa
303,Cardona,Brenda
303,Santiago,Brenda
354,Lee,Debra
386,Starr,Thomas
431,Nelson,Cornell
457,Daley,Max
479,Dismuke,Enedina
479,Crabtree,Enedina
479,Arnhart,Enedina
576,Reyes,Geneva
576,Parrow,Geneva
576,Muniz,Geneva
602,Nolan,Alan
634,Grober,Robert
634,Hall,Robert
718,Finch,Lawrence
718,Finch,Kenneth
718,Mccormick,Lawrence
718,Mccormick,Kenneth
744,Stone,Clark
744,Ellis,Clark
766,Villicana,Darrel
774,Ibarra,Susan
823,Travis,Susan
863,Roy,William
863,Martin,William
870,Mitchell,Archie
870,Burgess,Archie
924,Bowe,Ivan
964,Fowler,Vickie
980,Nelson,Jean
1024,Ibarra,Edward
1024,Fossum,Edward
1024,Holland,Edward
1066,Orozco,Earl
1066,Bolenbaugh,Earl
1066,Bullard,Earl
1082,Johnson,Bobby
1110,Wick,Victoria
1116,Edwards,Jeffrey
1116,Green,Jeffrey
1176,Schrader,Kristie
1182,Davis,Douglas
1322,Johnson,Christopher
1382,Beery,Trina
1382,Miller,Trina
1461,Azim,George
1461,Blanton,George
1520,Bash,Laurence
1520,Bash,Jenifer
1522,Fraley,Gerald
1533,Bergmark,Geneva
1533,Muffley,Geneva
1594,Smith,William
1594,Easter,William
1596,Benefield,Courtney
1596,Scrudato,Courtney
1633,Ulatowski,Marilyn
1651,Nev,Michael
1651,Russell,Michael
1697,Nowak,Douglas
1697,Salazar,Douglas
1804,Barrios,Gina
1808,Lundberg,Ryan
1859,Harty,Benjamin
1859,Edmunds,Benjamin
1878,Wong,Stuart
1878,Long,Stuart
1946,Blain,Joy
1946,Freeman,Joy
1946,Faulkner,Joy
1962,Rocha,Kevin
1962,Shook,Kevin
2018,Raymo,Lara
2018,Honeycutt,Lara
2018,Barnes,Lara
2040,King,Cecilia
2142,Moten,Ana
2156,Foulks,Dixie
2156,Parker,Dixie
2178,West,William
2178,Albin,William
2189,Jacob,Donna
2189,Booton,Donna
2206,Haitz,Carmela
2307,Mcvicker,Evelyn
2307,Brandon,Evelyn
2307,Garcia,Evelyn
2312,Furman,Elizabeth
2406,Boyd,David
2470,Rossano,Sue
2509,Mitchem,Pamela
2509,Sturgill,Pamela
2509,Harris,Pamela
2522,Dearing,Sharon
2547,Dwyer,Evette
2547,Kuhn,Evette
2549,Roberts,Amy
2549,Asberry,Amy
2656,Hardin,Beth
2696,Killam,Carl
2696,Honse,Carl
2711,Milano,Inez
2711,Nivens,Inez
2779,Hughes,Daniel
2779,Rogers,Daniel
2850,Stockton,Kenneth
2850,Hasting,Kenneth
2877,Diamond,Jack
2877,Davis,Jack
2960,Knapp,Wilbert
2960,Ferber,Wilbert
2996,Rodriguez,Christopher
1,Veney,Woodrow
2,Pals,Ellen
2,Brannen,Ellen
21,Williams,Tara
23,Sanchez,Warren
27,Davis,Timothy
55,Coxon,Susan
57,Clinton,Marion
57,Ibrahim,Marion
58,Crowley,Jennifer
64,Eaton,Dianne
64,Eaton,Daniel
77,Young,Joseph
85,Priest,Lulu
102,Ponce,John
102,Nichols,John
122,Russell,Victor
129,Wayne,Suzette
130,Ashby,Allen
130,Ashby,Gay
138,Smitley,Judith
151,Cook,Randall
151,Cook,Sarah
153,Yoon,Jeffrey
153,Yoon,Daniel
158,Pegoda,Donald
165,Carlson,Carol
165,Carlson,Suzanne
170,Mcgaughey,Hannah
172,Torres,John
188,George,John
188,George,Evelyn
208,Hedrick,Rosa
224,Harmon,Roberto
228,Hall,Joan
239,Armstrong,Nilsa
259,Pastel,David
268,Harper,Lynda
272,Hargreaves,Louis
278,Rierson,Nathan
295,Bates,Ruth
306,Richardson,Sheila
306,Negrete,Sheila
306,Richardson,Elmer
306,Negrete,Elmer
311,Lovett,Matthew
318,Wells,Larry
347,Hunter,Tina
351,Elliott,Penny
353,Peterson,Carl
367,Nelson,Earnest
407,Holt,Consuelo
419,Abel,Sarah
424,Purcell,Benjamin
442,Mitchell,James
447,Veach,Sue
450,Hayes,Monica
459,Potts,Jamie
460,Natcher,Ivory
471,Johnson,Curtis
476,Monat,Kristen
482,Nesbitt,Jonathan
482,Tuder,Jonathan
483,Beauprez,Ella
488,Schuler,Marion
490,Hartman,Mark
490,Hartman,Jasper
495,Gantt,George
521,Earheart,Mike
521,Earheart,Timothy
524,Bright,Debra
524,Chesley,Debra
529,Lyons,James
531,Purcell,Catherine
533,Davis,William
542,Marcum,Linda
562,Sanos,Debbie
566,Dowlin,Barbara
611,Lum,Mary
613,Lasure,Anita
617,Becerra,Robert
617,Howard,Robert
617,Becerra,Jennifer
617,Howard,Jennifer
628,Leonard,Kimberly
629,Bernabe,Cleo
635,Moers,Gertrude
645,Mustafa,Jacqueline
652,Itson,Robert
652,Itson,Janet
658,Vedder,David
681,Fundora,Carlton
700,Johnson,Arthur
747,Walker,Joseph
747,Walker,Dale
751,Willey,Jeremy
751,Overshown,Jeremy
769,Neer,Thomas
769,Neer,Willie
789,Stebbins,Kelli
794,Licursi,David
802,Brown,Jorge
813,Morton,Connie
815,Perez,Andrew
818,Chouteau,Juana
846,Bell,Anne
853,Vinroe,Duane
867,Perez,Marla
875,Briggs,Andrea
884,Bass,Donald
892,Damour,Ada
910,Hallowell,Nancy
911,Trumbo,Jonah
922,Cole,Lynn
952,Garabedian,Paul
953,Wolf,Ronald
958,Akins,Richelle
962,Crawford,Myles
966,Marrara,Frances
970,Ching,Thomas
970,Charles,Thomas
990,Pledger,Eric
997,Barajas,Kevin
1005,Collier,Gertrude
1005,Collier,Richard
1018,Woodard,Christine
1018,Sellers,Christine
1031,Reed,Don
1036,Mcdowell,Asia
1041,Roden,Pamela
1043,Vossen,Carolyn
1049,Pugh,Priscilla
1050,Martin,Mark
1056,Preston,Vivian
1069,Daniels,Patrick
1079,Wilson,Susan
1081,Williams,Patricia
1099,Williams,Stacy
1100,Hernandez,Jane
1100,Hernandez,Julia
1123,Wingfield,Troy
1135,Monroy,William
1138,Verkamp,Ruth
1139,Kaiser,Elnora
1143,Castillo,Crystal
1145,Meffert,Christopher
1151,Palencia,Robert
1155,Duncan,Willie
1171,Casares,Cesar
1172,Hughes,Lina
1179,Forget,Guillermo
1181,Prince,Jesus
1187,Gorman,Jack
1187,Draper,Jack
1197,Mcintosh,Dora
1203,Hayes,Robert
1203,Frink,Robert
1203,Hayes,Heidi
1203,Frink,Heidi
1241,Poplin,Samantha
1248,Pujols,Dean
1259,Castillo,William
1282,Pacheco,Donna
1300,Laine,Shirley
1301,Sanchez,Paula
1308,Mayo,Janice
1310,Corbett,Theresa
1311,Smith,Dylan
1319,Schooley,Courtney
1325,Hill,Heidi
1325,Ewings,Heidi
1325,Hill,Henry
1325,Ewings,Henry
1333,Gorman,Sanjuana
1334,Williams,Samantha
1351,Herndon,Beth
1384,Carr,Daniel
1389,Richardson,Kala
1401,Bush,Collen
1430,Nase,Mei
1430,Nase,Ferdinand
1433,Cote,Wayne
1444,Hughs,Noe
1447,Glover,Tracy
1456,Olson,Mark
1463,Reeves,Kenneth
1475,Chenault,Carl
1475,Gonzales,Carl
1475,Chenault,Rex
1475,Gonzales,Rex
1478,Noble,Bob
1478,Noble,Timothy
1483,Bounds,Joseph
1493,Boudreaux,John
1501,Turrie,Shaun
1501,Turrie,Carol
1531,Oliphant,Gwendolyn
1531,Cato,Gwendolyn
1535,Hersha,Dorothy
1536,Thompson,Gaynell
1536,Thompson,Carter
1547,Meyerott,Jesus
1547,Firestine,Jesus
1547,Meyerott,Alex
1547,Firestine,Alex
1550,Hoage,Regina
1551,Clarke,Lacey
1551,Clarke,Dulce
1558,Klug,Mark
1568,Mason,Joseph
1568,Mason,Judith
1574,Hoskins,Thomas
1574,Hoskins,Thaddeus
1575,Cassette,Matthew
1584,Harris,Denise
1584,Harris,Louise
1602,Raynor,Tommy
1605,Nolasco,Robert
1616,Ochoa,Darcy
1620,Atkins,Matthew
1624,Butler,Julie
1624,Mortensen,Julie
1631,Owens,Martha
1637,Penttila,Paul
1653,Dan,Darrell
1660,Reyes,Nancy
1664,Chadwick,Scott
1674,Jone,Diane
1688,Aguirre,Daniel
1690,Williams,Jonathan
1696,Demello,Ryan
1706,Getz,Jane
1706,Begum,Jane
1776,Glickman,Ben
1794,Stephens,Kenneth
1809,Davis,Ashlyn
1814,Ozga,Violet
1819,Mclucas,Ryan
1819,Dennis,Ryan
1819,Mclucas,Kathryn
1819,Dennis,Kathryn
1821,Dodd,Marc
1821,Dodd,Emma
1821,Dodd,Lillian
1833,Christian,John
1852,Henderson,John
1857,Messer,Gabriel
1860,Jones,Jarrod
1860,Jones,Robert
1864,Londo,Tiffany
1868,Hickmon,Melissa
1868,Hickmon,Marcus
1869,Laite,Megan
1880,Sanchez,Rachel
1883,Ledford,Rosie
1886,Brunson,Jo
1886,Church,Jo
1892,Syphers,Glenn
1919,Mcrae,Janelle
1919,Schulz,Janelle
1919,Mcrae,Susan
1919,Schulz,Susan
1922,Bauer,Paul
1923,Campbell,Peggy
1926,Monson,Rosa
1928,Gerhart,David
1930,Harwood,Laura
1930,Hicks,Laura
1971,Brothers,Kourtney
1971,Reyes,Kourtney
1974,Valenzuela,Christine
1979,Kato,Dominic
1988,Nelson,Joseph
1988,Nelson,Leonard
2002,Brooks,Johnathan
2002,Brooks,Charles
2005,Silva,Mark
2005,Moran,Mark
2008,Wascher,Maryann
2008,Wascher,Richard
2013,Reynolds,Elena
2023,Morris,Emily
2031,Lynch,Mary
2035,Wilder,Bonnie
2036,Scott,Erwin
2053,Sanmiguel,Oliver
2055,Marcus,Kevin
2094,Commander,Sandra
2094,Zeringue,Sandra
2094,Jackson,Sandra
2115,Manzo,Pam
2128,Cardozo,Alberto
2139,Worsham,Blanche
2160,Gonzales,Neal
2165,Mischler,Annette
2165,Muise,Annette
2165,Mischler,James
2165,Muise,James
2170,Eager,Tricia
2170,Eager,Gerald
2170,Eager,Adam
2181,Hernandez,Hans
2212,Moore,Vanessa
2212,Moore,Frances
2224,Krein,Noah
2235,Tewksbury,Jeffrey
2235,Tewksbury,Anna
2239,Aaron,Scott
2245,Granata,Loraine
2250,Espinoza,Bryan
2266,Higgin,Gerald
2277,Casparian,Ray
2279,Steele,Faye
2285,Moore,Kathy
2286,Fala,Deborah
2297,Ransom,Michele
2305,Tartaglia,Marta
2340,Bartsch,Alexandra
2356,Phillips,Robert
2356,Lafontaine,Robert
2356,Phillips,Lisa
2356,Lafontaine,Lisa
2359,Yang,Richard
2361,Metoyer,Vernon
2365,Uribe,Justin
2369,Jefferis,Anna
2369,Jefferis,Alana
2369,Jefferis,Steven
2383,Merrell,Tammy
2386,Guerette,Joy
2397,Anderson,Alvin
2414,Jones,Charles
2431,Berryhill,Josephine
2436,Fischer,Gayle
2436,Harper,Gayle
2437,Alvarez,Lindsey
2448,Hull,Ronald
2452,Sykes,Anne
2452,Baur,Anne
2468,Roberts,Miranda
2476,Sauvageau,Jeffrey
2476,Sauvageau,James
2486,Jastrebski,Cedric
2492,Campos,Timothy
2503,Talton,Sabrina
2505,Sheridan,Derek
2518,Hubble,Brandon
2533,Hallmark,Ralph
2539,Kondracki,John
2550,Abbott,John
2560,Browning,Marisa
2567,Ota,Patricia
2571,Waterer,Bobby
2571,Waterer,Samuel
2576,Hall,John
2576,Clark,John
2576,Hall,June
2576,Clark,June
2576,Hall,James
2576,Clark,James
2577,Mottillo,Brandon
2586,Allen,Sarah
2586,Allen,Duane
2599,Holston,Donald
2599,Holston,Kelly
2604,Branch,Brian
2605,Cokely,Adam
2607,Byrne,Lorenzo
2615,Smith,Loretta
2667,Bass,Randy
2670,Harper,Mark
2670,Harper,Richard
2671,Nordin,Randy
2681,Duffin,David
2688,Hernandez,Adrianne
2688,Pearson,Adrianne
2688,Hernandez,Megan
2688,Pearson,Megan
2708,Dotson,Brandy
2712,Barnett,Randy
2714,Wheeler,Zachary
2717,Patterson,Robert
2727,Hughes,Mary
2742,Jones,Matthew
2742,Jones,Norris
2742,Jones,Donald
2743,Geib,Keith
2744,Owens,Mary
2744,Owens,Gordon
2756,Goode,Mark
2758,Watson,Craig
2770,Radley,Jonathan
2770,Radley,Vincent
2771,Vicini,Sergio
2786,Stewart,Janet
2787,Johnson,Guadalupe
2791,Sheetz,Jessica
2800,Kostyla,Kelly
2802,Miller,Olga
2811,Deas,Maude
2814,Baker,Hector
2815,Arnold,Jane
2826,Leu,Edward
2830,Smith,Catherine
2833,Woodberry,Ernie
2847,Blatz,Fran
2847,Blatz,Patricia
2851,Bringle,Cheryl
2859,Willoughby,Sylvia
2888,Smith,Dorinda
2891,Weese,Latasha
2891,Weese,Crystal
2893,Clarke,Misty
2900,Hoelscher,Thomas
2900,Hoelscher,Serena
2917,Rivera,Sherri
2917,Rivera,Adriana
2924,Fleury,Brian
2931,Hargraves,Charles
2961,Lawson,Angie
2973,Quitugua,Juan
2973,Benzi,Juan
2973,Quitugua,Jeanne
2973,Benzi,Jeanne
2976,Smith,Kenneth
2989,Jones,Emily
2990,Cerda,Marvin
2990,Gonzales,Marvin
7,House,Leroy
18,Tomblin,Mary
23,Richardson,Warren
27,Morgan,Timothy
36,Moore,Gertrude
38,Groseclose,Donald
44,Trotter,William
55,Batres,Susan
58,Craighead,Jennifer
60,Miranda,Christopher
66,Wright,Joan
71,Wasinger,Kelly
77,Anaya,Joseph
82,Missey,Marian
85,Eftekhari,Lulu
97,Powell,Jaimie
97,Scott,Jaimie
102,Hamff,John
114,Sawyer,Jeffrey
114,Sawyer,Michael
129,Waldron,Suzette
130,Himes,Allen
130,Himes,Gay
133,Sloan,Clarence
138,Kim,Judith
151,Gaydosh,Randall
151,Gaydosh,Sarah
153,Walker,Jeffrey
153,Walker,Daniel
159,Mcfarland,Edward
159,Leon,Edward
159,Mcfarland,Jonathan
159,Leon,Jonathan
161,Fox,Cora
163,Marsh,John
165,Brooks,Carol
165,Meyer,Carol
165,Brooks,Suzanne
165,Meyer,Suzanne
166,Crape,Jeffery
166,Crape,Christopher
170,Brandt,Hannah
172,Hill,John
180,Settle,Donna
188,Eglinton,John
188,Eglinton,Evelyn
193,Perez,Jerry
226,Chavez,Robert
229,Ford,Ralph
232,Lanasa,James
234,Coe,Thelma
235,Avallone,Matthew
235,Avallone,Jeffrey
272,Rhodes,Louis
273,Greenlief,Evelyn
273,Hall,Evelyn
273,Greenlief,Jerry
273,Hall,Jerry
275,Militello,Isabel
277,Okeefe,Charlotte
277,Okeefe,Mary
278,Franzen,Nathan
296,Williams,Robert
296,Baldwin,Robert
296,Williams,Amber
296,Baldwin,Amber
296,Williams,Irvin
296,Baldwin,Irvin
297,Williams,Betty
323,Cervantes,Ariane
323,Cervantes,Betty
342,Mangone,Geraldine
342,Mangone,Shannon
355,Braun,Joe
396,Simons,Darlene
396,Simons,Carol
399,Mccormick,Michelle
399,Mccormick,Vernon
401,Lambert,Harold
407,Reeves,Consuelo
424,Wilson,Benjamin
438,Bellinghausen,Brian
438,Bellinghausen,Jodi
440,Chatman,George
442,Cripe,James
444,Wittkop,Thomas
444,Bove,Thomas
446,Hudson,Kevin
446,Hudson,Heather
461,Mcgee,Derrick
467,Haywood,Robert
470,Barkhimer,Paul
488,Anderson,Marion
488,Winkler,Marion
495,Cheung,George
501,Rathke,Daisy
507,Perryman,Laverne
507,Perryman,Clifford
521,Edwards,Mike
521,Edwards,Timothy
529,Holland,James
529,Ponce,James
534,Ferris,Rosemary
534,Ferris,Willie
547,Hughey,Bryan
556,Ambriz,Donna
566,Mumaw,Barbara
571,Byrum,Annetta
587,Rzepecki,Randy
600,Howland,Nancy
600,Seiler,Nancy
608,Kirby,Walter
625,Harber,Glen
635,Mcmath,Gertrude
647,Hadley,Veronica
663,Skiver,Anthony
667,Fernandez,Ruth
667,Rabideau,Ruth
667,Daggett,Ruth
698,Wright,John
698,Wright,Jimmy
706,Huebner,Steve
707,Ruffin,Alvaro
707,Ruffin,Tresa
728,Martin,Kathryn
733,Ramirez,Michael
751,Delgado,Jeremy
760,Billings,Hazel
778,Davis,Tabitha
790,Cushing,Jessica
790,Cushing,Andre
805,Cartright,Asuncion
807,Tolbert,Brian
813,Rodkey,Connie
815,Quezada,Andrew
815,Vargas,Andrew
816,Boettcher,Henry
818,Mccarthy,Juana
831,Twyman,John
839,Ramsdell,Peter
840,Pleva,Rhonda
857,Edens,Lisa
857,Edens,John
864,Estes,Tanya
868,Martin,Timothy
868,Martin,Natasha
873,Kline,Teresa
884,Morales,Donald
903,Montgomery,Domonique
911,Webb,Jonah
922,Campbell,Lynn
932,Daniels,Michelle
935,Viverette,Hattie
950,Barile,Samantha
952,Byrd,Paul
953,Draper,Ronald
953,Stevens,Ronald
977,Council,Elton
978,Moochler,Harold
986,Benson,Derek
990,Glassman,Eric
997,Jodon,Kevin
1005,Inglis,Gertrude
1005,Inglis,Richard
1018,Fortner,Christine
1040,Dandrea,Julia
1040,Dandrea,Daniel
1045,Bacon,Charlene
1068,Rivard,Bryan
1074,Pence,Brenda
1076,Burns,Eva
1076,Bishop,Eva
1076,Burns,John
1076,Bishop,John
1079,Alvarado,Susan
1096,Witham,Paul
1101,Fells,Jackie
1111,Denis,Avis
1125,Bailey,Flora
1143,Reilly,Crystal
1145,Elston,Christopher
1150,White,Gary
1150,White,Alan
1151,Trager,Robert
1169,Yenz,Sara
1171,Moore,Cesar
1179,Taylor,Guillermo
1190,Wight,Andrew
1191,Johnston,Kyle
1203,Tew,Robert
1203,Tew,Heidi
1225,Burkhart,Douglas
1231,Spirko,Michael
1247,Baldwin,Jaime
1248,Edwards,Dean
1282,Devoy,Donna
1290,Elwick,John
1299,Kragt,Nada
1299,Kragt,Christopher
1304,Flenory,Joshua
1304,Flenory,Raymond
1305,Villarreal,Joseph
1307,Henderson,Suzanne
1310,Lopes,Theresa
1325,Petty,Heidi
1325,Petty,Henry
1332,Wilson,Chester
1334,Hunte,Samantha
1351,Bove,Beth
1357,Good,Brenda
1357,Good,Susan
1359,Beckett,James
1375,Peck,Penny
1377,Mckay,Donald
1377,Mckay,Paula
1384,Hill,Daniel
1385,Stone,Robert
1385,Stone,Alexander
1400,Thompson,Bryant
1400,Cormier,Bryant
1400,Thompson,Christine
1400,Cormier,Christine
1400,Thompson,Kevin
1400,Cormier,Kevin
1401,Ferraro,Collen
1406,Heiskell,Jennie
1406,Walsh,Jennie
1410,Shulda,Jeffrey
1415,Taylor,Terrance
1415,Neihart,Terrance
1448,Petersen,David
1448,Petersen,Rex
1478,Shaw,Bob
1478,Shaw,Timothy
1501,Morgan,Shaun
1501,Morgan,Carol
1513,Erdmann,Gary
1515,Williams,Scott
1515,Williams,Thomas
1535,Urick,Dorothy
1551,Cross,Lacey
1551,Quinn,Lacey
1551,Cross,Dulce
1551,Quinn,Dulce
1561,Mcginnis,Leonard
1581,Elias,Joyce
1590,Pichler,Michael
1590,Pichler,Joyce
1592,Brown,Joseph
1595,Cracchiolo,Patricia
1595,Farrell,Patricia
1602,Allen,Tommy
1618,Sanchez,Douglas
1620,Jackson,Matthew
1622,Baker,Steven
1624,Estrada,Julie
1629,Miller,Jeffrey
1631,Yeargin,Martha
1647,Savoie,Araceli
1660,Lopez,Nancy
1699,Johnston,Elnora
1708,Brown,Maria
1710,Giannetti,Molly
1713,Kaylor,Hung
1728,Mclaughlin,Thomas
1728,Howell,Thomas
1732,Middlebrook,Susan
1741,Meadows,Joyce
1741,Jones,Joyce
1741,Meadows,Eduardo
1741,Jones,Eduardo
1747,Madson,Branda
1778,Link,Rose
1778,Link,Melanie
1780,Hare,Oma
1794,Rodrequez,Kenneth
1794,Crum,Kenneth
1809,Odoms,Ashlyn
1809,Zavala,Ashlyn
1814,Hickey,Violet
1815,Weaver,Nathaniel
1819,King,Ryan
1819,King,Kathryn
1821,Quinn,Marc
1821,Scerra,Marc
1821,Quinn,Emma
1821,Scerra,Emma
1821,Quinn,Lillian
1821,Scerra,Lillian
1822,Morris,Jeffrey
1835,Kaplan,Thomas
1856,Hawkins,Fermina
1869,Rice,Megan
1892,Lewis,Glenn
1894,Paras,Lionel
1898,Barroso,Stuart
1898,Leclair,Stuart
1898,Barroso,Charles
1898,Leclair,Charles
1898,Barroso,Janie
1898,Leclair,Janie
1903,Hugo,Ramona
1912,Buchauer,Roy
1919,Toth,Janelle
1919,Toth,Susan
1940,Aguirre,Clayton
1940,Mcadams,Clayton
1941,Wangberg,George
1941,Brennan,George
1941,Wangberg,Tonya
1941,Brennan,Tonya
1949,Brown,Martin
1955,Robinson,Alton
1956,Barton,Rosie
1967,Pless,William
1967,Pless,John
1968,Barnes,Mary
1971,Davis,Kourtney
1981,Mora,James
1996,Heenan,Carol
1997,Ostrowski,Michael
1997,Ostrowski,Mary
2006,Joyce,Francisco
2006,Joyce,Mark
2008,Spells,Maryann
2008,Spells,Richard
2021,Johnson,Rebecca
2021,Rockwood,Rebecca
2024,Mann,Mathew
2031,Moers,Mary
2047,Richardson,Amber
2047,Johnson,Amber
2055,Smith,Kevin
2068,Blake,Ethel
2076,Heft,Marcelina
2087,Hollinger,Camille
2087,Hollinger,Vance
2095,Larkin,Rosa
2095,Giles,Rosa
2095,Larkin,Calvin
2095,Giles,Calvin
2101,Morely,Matt
2101,Morely,Michael
2106,Keith,Emory
2116,Copley,James
2116,Anderson,James
2154,Benge,Linda
2168,Sims,Tamara
2168,Cox,Tamara
2168,Jimenez,Tamara
2170,Torres,Tricia
2170,Garza,Tricia
2170,Torres,Gerald
2170,Garza,Gerald
2170,Torres,Adam
2170,Garza,Adam
2184,Daniels,Kirk
2194,Bustamente,Johnny
2202,Silva,Linda
2224,Marx,Noah
2224,Shannon,Noah
2228,Brown,Beverly
2228,Brown,Christopher
2235,Pruett,Jeffrey
2235,Pruett,Anna
2243,Lee,Dorothy
2243,Lee,Dana
2245,Margulis,Loraine
2258,Watland,Rocco
2267,Beckstead,Samuel
2279,Wagner,Faye
2284,Vanhouten,Willard
2310,Kitterman,Nelson
2338,Esposito,Shane
2340,Boddie,Alexandra
2345,Bryson,Connie
2355,Litchford,Berta
2356,Evans,Robert
2356,Evans,Lisa
2370,Kowalski,Mary
2371,Gage,Brad
2373,Ramer,Michelle
2373,Ramer,Laura
2390,Girard,Judy
2390,Fowler,Judy
2390,Girard,Alice
2390,Fowler,Alice
2391,Riina,John
2394,Seabolt,Marsha
2401,Rodriguez,Raymond
2411,Hill,Anthony
2426,Harding,Victor
2426,Miller,Victor
2426,Harding,James
2426,Miller,James
2431,Copeland,Josephine
2436,Goins,Gayle
2437,Ioele,Lindsey
2445,Bailey,William
2446,Wenthold,Clarence
2448,Hurt,Ronald
2452,Nixon,Anne
2467,Mckenna,Ross
2467,Mckenna,Anthony
2478,Elie,Cathy
2479,Holt,Deborah
2493,Poplin,David
2502,Gonzales,Ruth
2519,Demarco,Katherine
2519,Steiger,Katherine
2519,Mcfarland,Katherine
2520,Carter,Joseph
2521,Ramsey,Michael
2521,Holmes,Michael
2521,Ramsey,Wilfred
2521,Holmes,Wilfred
2533,Watkins,Ralph
2545,Gonzalez,Cynthia
2553,Farias,James
2553,Temple,James
2553,Farias,Josephine
2553,Temple,Josephine
2557,Dyer,Stephanie
2587,Barton,Mary
2590,Pearl,Enoch
2600,Eckman,Bill
2607,Forker,Lorenzo
2613,Barnes,Edith
2631,Leclerc,Thanh
2631,Landry,Thanh
2631,Leclerc,Jerry
2631,Landry,Jerry
2631,Leclerc,Erica
2631,Landry,Erica
2661,Mccallum,Edward
2678,Valdovinos,Alex
2678,Roberts,Alex
2679,Yohe,Dorothea
2679,Regalado,Dorothea
2688,Fleming,Adrianne
2688,Fleming,Megan
2697,Glaus,Reginald
2708,Clarkson,Brandy
2709,Welch,Gussie
2717,Taylor,Robert
2727,Bryant,Mary
2729,Anderson,Nancy
2742,Justen,Matthew
2742,Rodriguez,Matthew
2742,Justen,Norris
2742,Rodriguez,Norris
2742,Justen,Donald
2742,Rodriguez,Donald
2743,Linn,Keith
2749,Williams,Gloria
2756,Foulks,Mark
2760,Hinton,Deana
2763,Hill,Lauren
2771,Jeffries,Sergio
2781,Hagan,Denise
2781,Hagan,Linda
2783,Whitehead,Brian
2783,Whitehead,Gerald
2785,Hildebrant,John
2786,Gant,Janet
2786,Fonseca,Janet
2802,Groves,Olga
2813,Graham,Nellie
2830,Wentz,Catherine
2832,Kanahele,Madge
2841,Watkins,Fabian
2841,Elder,Fabian
2849,Mcclain,Jill
2862,James,David
2883,Snyder,Barbara
2889,Davis,Patrick
2891,Grothe,Latasha
2891,Grothe,Crystal
2899,Glendening,Don
2899,Glendening,Meryl
2900,Kern,Thomas
2900,Kern,Serena
2907,Trimpe,Irene
2914,Robinson,Otis
2914,Marshall,Otis
2924,Enyart,Brian
2940,Lane,James
2940,Lane,Ramon
2949,Luff,Gary
2976,Ferrari,Kenneth
2979,Watkins,Tina
2990,Cuomo,Marvin
2990,Hickman,Marvin
2993,Jordon,Johanna
2993,Jordon,Felix
2998,Medel,Harriet
2998,Santiago,Harriet
2998,Medel,Eleanor
2998,Santiago,Eleanor
1,Scott,Woodrow
7,Stclair,Leroy
7,Chase,Leroy
12,Curry,Aldo
23,Frey,Warren
24,Hernandez,Patricia
27,Baber,Timothy
27,Hanner,Timothy
32,Mountain,William
32,Mountain,Daniel
33,Yanez,Anthony
35,Hammack,Keith
36,Collins,Gertrude
44,Robinson,William
52,Holland,Angel
53,Thomason,Joyce
58,Glass,Jennifer
71,Deacon,Kelly
82,Lighty,Marian
104,Mathews,Dana
111,Edwards,John
114,Roeder,Jeffrey
114,Roeder,Michael
126,Baldwin,Joseph
129,Roberts,Suzette
129,Jackson,Suzette
133,Hicks,Clarence
152,Chan,Lorenza
157,Mickens,Christina
158,Victor,Donald
159,Lazarine,Edward
159,Lazarine,Jonathan
165,Huddleston,Carol
165,Huddleston,Suzanne
167,Rushing,Katherine
180,Parker,Donna
180,Smith,Donna
205,Knowles,Patricia
219,Downey,Grover
226,Rice,Robert
228,Jones,Joan
232,Tallman,James
236,Moore,William
239,Simmons,Nilsa
249,Lee,Cheryl
259,Torres,David
259,Causey,David
268,Devine,Lynda
268,Purdy,Lynda
273,Campbell,Evelyn
273,Campbell,Jerry
277,Johnson,Charlotte
277,Johnson,Mary
311,Johns,Matthew
313,Ewers,Angie
320,Jones,Damaris
320,Jones,Paul
323,Maguire,Ariane
323,Maguire,Betty
327,Garcia,Lewis
329,Larsen,Phillip
330,Escamilla,Fernando
351,Liebl,Penny
352,Manning,Martin
352,Manning,Christopher
355,Johnson,Joe
372,Smith,Leola
381,Ruiz,Donna
384,Burrell,Erica
390,Rainey,Herman
393,Clayton,Matt
399,Hilgert,Michelle
399,Polycarpe,Michelle
399,Hilgert,Vernon
399,Polycarpe,Vernon
414,Larsen,John
414,Wickman,John
414,Larsen,Donna
414,Wickman,Donna
416,Webster,Sean
424,Brustmann,Benjamin
435,Kendig,Beatriz
442,Modica,James
444,Lucey,Thomas
446,Shultz,Kevin
446,Shultz,Heather
447,Cleare,Sue
450,Smith,Monica
452,Salmons,Chris
459,Wilder,Jamie
460,Stern,Ivory
461,Fox,Derrick
467,Mccaskill,Robert
467,Struthers,Robert
495,Rivera,George
504,Meeks,Judith
507,Privateer,Laverne
507,Leppert,Laverne
507,Privateer,Clifford
507,Leppert,Clifford
509,Crews,Joesph
509,Terranova,Joesph
509,Crews,Beatrice
509,Terranova,Beatrice
524,Carrillo,Debra
531,Goguen,Catherine
534,Johnson,Rosemary
534,Johnson,Willie
542,Kovacs,Linda
547,Mcintyre,Bryan
562,Cook,Debbie
569,Burnham,John
582,Steele,Paul
584,Urbaniak,Philip
611,Fairman,Mary
611,Colbert,Mary
613,Rodriguez,Anita
617,Waite,Robert
617,Waite,Jennifer
621,Angel,Ana
625,Madigan,Glen
628,Arp,Kimberly
629,Hills,Cleo
640,Thompson,Katie
642,Hawks,Ronald
642,Hawks,Paul
650,Kuster,Shannon
658,Naffziger,David
667,Mayer,Ruth
681,Johnson,Carlton
698,Evans,John
698,Evans,Jimmy
702,Pao,Eliseo
707,Perkins,Alvaro
707,Perkins,Tresa
733,Barnes,Michael
761,Stone,Charlene
762,Vaughn,James
769,Wilson,Thomas
769,Flick,Thomas
769,Wilson,Willie
769,Flick,Willie
789,Allen,Kelli
790,Cruz,Jessica
790,Cruz,Andre
805,Robards,Asuncion
807,Pierce,Brian
807,Williams,Brian
810,Shea,Meaghan
813,Rosado,Connie
821,Lance,Ann
821,Lance,Sarah
839,Flagge,Peter
843,Smith,Megan
846,Wilson,Anne
847,Grim,Morris
851,Vitale,John
903,Trujillo,Domonique
912,Campbell,Jason
921,Daniels,Manuel
921,Belcher,Manuel
921,Daniels,Roosevelt
921,Belcher,Roosevelt
922,Davis,Lynn
926,Franklin,Eddie
926,Hsu,Eddie
926,Franklin,Shelly
926,Hsu,Shelly
932,Jones,Michelle
935,Pare,Hattie
947,Zeinert,Bryan
950,Sattler,Samantha
953,Dunn,Ronald
958,Meyer,Richelle
962,Sepulveda,Myles
966,Schultz,Frances
978,Minors,Harold
985,Mahoney,Gabriel
985,Black,Gabriel
985,Mahoney,Dwayne
985,Black,Dwayne
986,Mullen,Derek
1005,Nitkowski,Gertrude
1005,Nitkowski,Richard
1010,Wright,Susanne
1011,White,Nancy
1012,Gray,Jeffrey
1016,Greer,John
1036,Dage,Asia
1040,Cooper,Julia
1040,Cooper,Daniel
1041,Anderson,Pamela
1043,Florence,Carolyn
1043,Martinez,Carolyn
1050,Carter,Mark
1059,Banks,Samuel
1059,Banks,Esther
1062,Smith,Craig
1076,Dowler,Eva
1076,Dowler,John
1079,Turpin,Susan
1087,Cannon,Earl
1087,Cannon,Lee
1112,Stanley,Christopher
1123,Mcglinchey,Troy
1138,Carruthers,Ruth
1141,Watson,Amber
1143,Schumann,Crystal
1150,Stanley,Gary
1150,Stanley,Alan
1165,Macri,Elizabeth
1172,Smith,Lina
1175,Kane,David
1187,Green,Jack
1191,Blevins,Kyle
1191,Olufson,Kyle
1203,Hopkins,Robert
1203,Hopkins,Heidi
1215,Hennessey,Walter
1219,Vermeesch,Mary
1219,Vermeesch,David
1241,Hunter,Samantha
1251,Alford,Louise
1251,Miller,Louise
1259,Klatt,William
1261,Petty,Gregory
1276,Lawrence,Elbert
1299,Stanley,Nada
1299,Stanley,Christopher
1301,Cheatwood,Paula
1302,Dow,David
1302,Boggs,David
1302,Dow,Tamara
1302,Boggs,Tamara
1303,Novak,Steven
1304,Mckinney,Joshua
1304,Mckinney,Raymond
1305,Miller,Joseph
1308,Williams,Janice
1319,Jackson,Courtney
1319,Hunt,Courtney
1333,Hoyt,Sanjuana
1342,Haines,Linda
1351,Harris,Beth
1355,Castaneda,Bernadette
1357,Fordyce,Brenda
1357,Fordyce,Susan
1359,Matthews,James
1377,Sibley,Donald
1377,Sibley,Paula
1383,Franks,Kristina
1385,Lewis,Robert
1385,Lewis,Alexander
1391,Eiselein,Dana
1420,Miesner,Magdalena
1420,Duncan,Magdalena
1430,Linnane,Mei
1430,Linnane,Ferdinand
1440,Lynch,Donald
1444,Clark,Noe
1483,Redd,Joseph
1485,Armour,Karen
1493,Montague,John
1501,Wilson,Shaun
1501,Wilson,Carol
1515,Hamilton,Scott
1515,Christopherso,Scott
1515,Hamilton,Thomas
1515,Christopherso,Thomas
1527,Peterson,Eva
1535,Landis,Dorothy
1536,Voyles,Gaynell
1536,Benton,Gaynell
1536,Voyles,Carter
1536,Benton,Carter
1547,Davis,Jesus
1547,Davis,Alex
1550,Allen,Regina
1558,Lopez,Mark
1573,Tamayo,John
1574,Maxwell,Thomas
1574,Marshall,Thomas
1574,Maxwell,Thaddeus
1574,Marshall,Thaddeus
1581,Beauchamp,Joyce
1581,Darnstaedt,Joyce
1584,Russell,Denise
1584,Russell,Louise
1587,Longoria,Nina
1595,Seals,Patricia
1602,Hatch,Tommy
1605,Banks,Robert
1615,Baird,David
1615,Baird,Kristen
1616,Rivera,Darcy
1648,Russell,Stephen
1648,Barefield,Stephen
1653,Lambert,Darrell
1655,Brink,Carolyn
1659,Griffin,Brian
1661,Pinto,Daniel
1668,Sigler,Judith
1674,Swindell,Diane
1678,Merchant,Wayne
1699,Velasquez,Elnora
1706,Hartford,Jane
1713,Lentz,Hung
1718,Cronin,Rene
1732,Valencia,Susan
1732,Putnam,Susan
1741,Lopes,Joyce
1741,Lopes,Eduardo
1747,Romriell,Branda
1771,Vang,Manual
1771,Miller,Manual
1771,Vang,Teresa
1771,Miller,Teresa
1772,Robertson,Melissa
1773,Brockman,Helen
1779,Cavanaugh,Gonzalo
1779,King,Gonzalo
1779,Cavanaugh,Dennis
1779,King,Dennis
1795,Jones,Ada
1795,Doran,Ada
1805,Hanson,Ashley
1806,Harris,Erin
1811,Gayle,Joshua
1812,Donis,Derrick
1812,Morris,Derrick
1812,Donis,Richard
1812,Morris,Richard
1814,Littman,Violet
1814,Brackins,Violet
1815,Montgomery,Nathaniel
1819,Leatherman,Ryan
1819,Leatherman,Kathryn
1822,Jones,Jeffrey
1833,Perez,John
1835,Meads,Thomas
1835,Young,Thomas
1840,Hutchinson,Mary
1851,Pearson,Esther
1857,Shumaker,Gabriel
1864,Lyman,Tiffany
1867,Rosiles,Crystal
1869,Helland,Megan
1880,Agnew,Rachel
1898,Oneal,Stuart
1898,Oneal,Charles
1898,Oneal,Janie
1920,Queen,David
1923,Walters,Peggy
1925,Johnson,Frances
1928,Martin,David
1940,Roberson,Clayton
1949,Robinette,Martin
1967,Skees,William
1967,Skees,John
1968,Mason,Mary
1968,Byrne,Mary
1973,Mcclendon,William
1973,Howard,William
1980,Degasperis,David
1988,Morrison,Joseph
1988,Dipasquale,Joseph
1988,Morrison,Leonard
1988,Dipasquale,Leonard
1996,Robinson,Carol
2003,Redhead,Maria
2003,Ayotte,Maria
2003,Redhead,Alan
2003,Ayotte,Alan
2005,Munnerlyn,Mark
2013,Barrett,Elena
2014,Graham,Alicia
2014,Graham,Vergie
2022,Sanders,Blanca
2024,Lopez,Mathew
2026,Vandiford,Mary
2036,Witcher,Erwin
2047,Knowles,Amber
2070,Walker,Maria
2076,Garner,Marcelina
2083,Parker,Gerald
2083,Parker,Phyllis
2084,Jansen,Holly
2084,Doughty,Holly
2084,Jansen,Jason
2084,Doughty,Jason
2116,Ray,James
2128,Coyle,Alberto
2128,Hopper,Alberto
2149,Mcguire,Joanne
2149,Krieg,Joanne
2154,Winchell,Linda
2163,Bishop,Daniel
2163,Pugmire,Daniel
2163,Bishop,Laura
2163,Pugmire,Laura
2168,Moore,Tamara
2194,Haggerty,Johnny
2200,Evans,Corinne
2200,Dejohn,Corinne
2202,Arwood,Linda
2212,Fournier,Vanessa
2212,Fournier,Frances
2222,Ross,Gregory
2224,Salvador,Noah
2226,Chambers,Ella
2228,Twomey,Beverly
2228,Whatoname,Beverly
2228,Twomey,Christopher
2228,Whatoname,Christopher
2235,Casillas,Jeffrey
2235,Casillas,Anna
2237,Fitzgerald,Audrey
2237,Luce,Audrey
2255,King,Barbara
2258,Mercer,Rocco
2258,Andersson,Rocco
2260,Lowry,Patricia
2260,Lowry,Geraldine
2260,Lowry,Susie
2266,Ruiz,Gerald
2267,Bankhead,Samuel
2277,Mcneil,Ray
2282,Diaz,Ginny
2284,Watson,Willard
2284,Lacroix,Willard
2286,Hopkins,Deborah
2297,Laflore,Michele
2297,Brown,Michele
2298,Samples,Sheri
2298,Samples,Marcia
2306,Sampson,Martha
2330,Nadeau,Sarah
2340,Moore,Alexandra
2350,Todd,Kathryn
2355,Carter,Berta
2356,Young,Robert
2356,Young,Lisa
2367,Mcintyre,Thomas
2371,Langley,Brad
2386,Busch,Joy
2390,Kinney,Judy
2390,Kinney,Alice
2391,Burton,John
2395,Holmes,Josef
2430,Nelson,Rose
2431,Oneal,Josephine
2435,Maguire,Teddy
2435,Macomber,Teddy
2445,Delarosa,William
2467,Mclean,Ross
2467,Mclean,Anthony
2468,Shaw,Miranda
2486,Mcguire,Cedric
2486,Evans,Cedric
2492,Russell,Timothy
2493,Thompson,David
2503,Wolsted,Sabrina
2503,Thompson,Sabrina
2504,Marchand,Ralph
2519,Rogers,Katherine
2520,Salinas,Joseph
2521,Mcgowan,Michael
2521,Mcgowan,Wilfred
2560,Rinehart,Marisa
2577,Barnes,Brandon
2586,Tvedt,Sarah
2586,Tvedt,Duane
2587,Jensen,Mary
2599,Kelly,Donald
2599,Kelly,Kelly
2600,Nichols,Bill
2604,Espino,Brian
2605,Federico,Adam
2607,Gerleman,Lorenzo
2610,Grant,Michael
2615,Brummell,Loretta
2636,Harris,Darlene
2655,Labrum,Roderick
2661,Halvorson,Edward
2662,Scott,Jeanne
2671,Carney,Randy
2679,Fuqua,Dorothea
2709,Snyder,Gussie
2712,Kellar,Randy
2715,Perry,Ryan
2726,Atkins,Randall
2726,Roberts,Randall
2727,Jackson,Mary
2729,Martin,Nancy
2742,Havercroft,Matthew
2742,Havercroft,Norris
2742,Havercroft,Donald
2743,Jimenez,Keith
2744,Joseph,Mary
2744,Miller,Mary
2744,Joseph,Gordon
2744,Miller,Gordon
2760,Stone,Deana
2771,Steveson,Sergio
2787,Johnson,Guadalupe
2791,Kenon,Jessica
2809,Sanderlin,Sheri
2811,Davis,Maude
2814,Crabtree,Hector
2815,Poteat,Jane
2824,Kimbrough,Gary
2832,Forbes,Madge
2841,Marsaw,Fabian
2859,Godbee,Sylvia
2879,Destephen,William
2883,Cuomo,Barbara
2884,Provino,Donald
2886,Bell,Kathleen
2886,Bell,June
2888,Bartkowiak,Dorinda
2890,Mcgraw,Ines
2890,Mcgraw,Rick
2893,Carr,Misty
2901,Richert,Maria
2907,Lavin,Irene
2917,Picken,Sherri
2917,Picken,Adriana
2918,Fogle,Maggie
2919,Fetzer,Marcia
2919,Fetzer,Tara
2931,Raymond,Charles
2961,Meade,Angie
2962,Scott,Helen
2973,Caya,Juan
2973,Caya,Jeanne
2975,Rice,Dottie
2981,Johnson,Emilio
21,Aguilar,Tara
24,Johnson,Patricia
33,Lauridsen,Anthony
33,Burroughs,Anthony
35,Nastasi,Keith
53,Lambert,Joyce
57,Oconnell,Marion
64,Robb,Dianne
64,Robb,Daniel
66,Gehling,Joan
82,Perry,Marian
110,Littich,Bobbie
111,Perez,John
114,Fisher,Jeffrey
114,Fisher,Michael
138,Moore,Judith
150,Southerland,Maragret
153,Dupree,Jeffrey
153,Dupree,Daniel
158,Speed,Donald
166,Knight,Jeffery
166,Knight,Christopher
170,Saenphimmacha,Hannah
172,Hammers,John
174,Hill,Alesia
193,Weaver,Jerry
194,Foster,Laura
206,Davis,Cristal
212,Brown,Jose
224,Bavaro,Roberto
226,Hiltz,Robert
229,Wynn,Ralph
232,Branch,James
235,Tague,Matthew
235,Tague,Jeffrey
239,Adams,Nilsa
256,Guzman,Sherri
275,Juarez,Isabel
275,Graves,Isabel
286,Robertson,Daniel
296,Agosta,Robert
296,Agosta,Amber
296,Agosta,Irvin
298,Butler,Joanna
306,Chambley,Sheila
306,Chambley,Elmer
311,Bowland,Matthew
313,Reed,Angie
318,Hoban,Larry
320,Erlewine,Damaris
320,Erlewine,Paul
329,Ryant,Phillip
342,Matos,Geraldine
342,Dunstan,Geraldine
342,Matos,Shannon
342,Dunstan,Shannon
352,Robertson,Martin
352,Robertson,Christopher
353,Bogard,Carl
355,Stevens,Joe
367,Lee,Earnest
381,Ferrell,Donna
384,Capo,Erica
396,Shivers,Darlene
396,Shivers,Carol
416,Church,Sean
419,Archer,Sarah
430,Leal,Pamela
438,Schumacher,Brian
438,Schumacher,Jodi
440,Louis,George
440,Frech,George
452,Ander,Chris
459,Hodge,Jamie
467,Moshier,Robert
469,Heath,Bobbie
470,Whirry,Paul
472,Otterson,Richard
483,Bernal,Ella
504,Starrett,Judith
509,Brignac,Joesph
509,Brignac,Beatrice
521,Browder,Mike
521,Browder,Timothy
533,Shedlock,William
536,Marine,Marlene
584,Scheel,Philip
587,Mccloud,Randy
600,Parker,Nancy
608,Kirkwood,Walter
621,Wills,Ana
621,Collins,Ana
625,Maresco,Glen
625,Schneider,Glen
627,King,Elizabeth
627,King,Ethel
628,Manning,Kimberly
628,Chiu,Kimberly
635,Wilkins,Gertrude
659,Howe,Megan
690,Dement,Barbara
700,Kadlec,Arthur
706,Herrington,Steve
720,Capp,Marlene
728,Isbell,Kathryn
729,Rivera,Virginia
747,Lopez,Joseph
747,Lopez,Dale
751,Thompson,Jeremy
760,Corcoran,Hazel
761,Given,Charlene
762,Rodriguez,James
769,Russell,Thomas
769,Russell,Willie
778,Dixon,Tabitha
786,Trevino,George
790,Ross,Jessica
790,Lewis,Jessica
790,Ross,Andre
790,Lewis,Andre
796,Burt,William
802,Peterson,Jorge
805,Maldanado,Asuncion
810,Thurman,Meaghan
818,Henderson,Juana
821,Kirk,Ann
821,Kirk,Sarah
822,Templeton,Jesse
839,Wu,Peter
840,Leadbetter,Rhonda
847,Lanham,Morris
851,Winter,John
853,Winkler,Duane
855,Bielecki,Douglas
867,Godeaux,Marla
871,Maher,Brandon
892,Newland,Ada
892,Trujillo,Ada
903,Talley,Domonique
910,Behrens,Nancy
911,Lopez,Jonah
912,Cannon,Jason
921,Simons,Manuel
921,Carson,Manuel
921,Simons,Roosevelt
921,Carson,Roosevelt
926,Wallace,Eddie
926,Wallace,Shelly
927,Headley,Mary
947,Dodd,Bryan
950,George,Samantha
952,Harris,Paul
970,Canon,Thomas
977,Lopez,Elton
997,Zamora,Kevin
1010,Wilkes,Susanne
1011,Reynolds,Nancy
1011,Boggs,Nancy
1018,Wood,Christine
1040,Norton,Julia
1040,Norton,Daniel
1043,Mallard,Carolyn
1045,Tanimoto,Charlene
1046,Mendez,Sherry
1046,Mendez,John
1062,Whalen,Craig
1064,Reynolds,Ola
1069,Becwar,Patrick
1076,Canty,Eva
1076,Canty,John
1096,Rogers,Paul
1100,Gamboa,Jane
1100,Gamboa,Julia
1125,Park,Flora
1135,Rodrigues,William
1165,Kelley,Elizabeth
1171,Hyslop,Cesar
1179,Vance,Guillermo
1181,Haney,Jesus
1181,Neal,Jesus
1190,Gugler,Andrew
1197,Bradbury,Dora
1198,Saults,John
1199,Royster,James
1215,Miller,Walter
1218,Fleckenstein,Greg
1219,Guinn,Mary
1219,Guinn,David
1225,Washington,Douglas
1225,Ready,Douglas
1225,Kelly,Douglas
1247,Schroeter,Jaime
1248,Nagata,Dean
1251,Lanza,Louise
1259,Logan,William
1282,Reed,Donna
1287,Crowley,Roger
1300,Ruscio,Shirley
1300,Ingram,Shirley
1301,Smith,Paula
1301,Verville,Paula
1304,Soto,Joshua
1304,Soto,Raymond
1310,Woodall,Theresa
1312,Clow,Ethel
1331,Pyron,Stewart
1342,Henry,Linda
1351,Dodson,Beth
1359,Ross,James
1375,Kelly,Penny
1377,Puckett,Donald
1377,Puckett,Paula
1384,John,Daniel
1385,Long,Robert
1385,Long,Alexander
1411,Erickson,Martha
1415,Walker,Terrance
1420,Miller,Magdalena
1430,Wright,Mei
1430,Wright,Ferdinand
1444,Knight,Noe
1456,Schick,Mark
1478,Greene,Bob
1478,Greene,Timothy
1497,Ripley,Judy
1501,Marois,Shaun
1501,Marois,Carol
1507,Flores,Christopher
1510,Anderson,Elbert
1517,Maldonado,Nancy
1517,Maldonado,Mary
1517,Maldonado,Pat
1525,Smith,Frederick
1527,Walker,Eva
1530,Scudder,John
1547,Thivierge,Jesus
1547,Thivierge,Alex
1551,Bernardo,Lacey
1551,Bernardo,Dulce
1558,Moser,Mark
1561,Tejeiro,Leonard
1568,Wordlaw,Joseph
1568,Wordlaw,Judith
1575,Yantzer,Matthew
1578,Dugat,Christopher
1578,Benesh,Christopher
1584,Crieghton,Denise
1584,Crieghton,Louise
1592,Dunn,Joseph
1602,Hinman,Tommy
1616,Ward,Darcy
1624,Johnson,Julie
1648,Lewis,Stephen
1653,Hinrichs,Darrell
1659,Harris,Brian
1660,Gunnels,Nancy
1661,Bowen,Daniel
1668,Harry,Judith
1674,Sanyaro,Diane
1699,Knodel,Elnora
1711,Snow,Alexis
1713,Terry,Hung
1723,Torres,Billy
1735,Garza,Karl
1743,Maxim,Patricia
1772,Stemple,Melissa
1773,Vega,Helen
1778,Rosas,Rose
1778,Hubbard,Rose
1778,Rosas,Melanie
1778,Hubbard,Melanie
1794,Charles,Kenneth
1795,Thomas,Ada
1805,Castle,Ashley
1806,Goggin,Erin
1811,Campbell,Joshua
1813,Allen,Joan
1821,Gallardo,Marc
1821,Gallardo,Emma
1821,Gallardo,Lillian
1852,Perez,John
1857,Scolaro,Gabriel
1860,Greene,Jarrod
1860,Greene,Robert
1867,Pulse,Crystal
1868,Cropley,Melissa
1868,Cropley,Marcus
1869,Fairbanks,Megan
1880,Polk,Rachel
1886,Sibley,Jo
1894,Ellender,Lionel
1898,Martins,Stuart
1898,Martins,Charles
1898,Martins,Janie
1917,Drabant,Muriel
1922,Adams,Paul
1923,Sanchez,Peggy
1925,Blum,Frances
1949,Franks,Martin
1968,Arch,Mary
1969,Ward,Sybil
1979,August,Dominic
1981,Johnson,James
1988,Hipsher,Joseph
1988,Hipsher,Leonard
2002,Barrett,Johnathan
2002,Barrett,Charles
2003,Battista,Maria
2003,Battista,Alan
2005,Marier,Mark
2006,Littlejohn,Francisco
2006,Lasher,Francisco
2006,Littlejohn,Mark
2006,Lasher,Mark
2007,Bumgarner,Violet
2008,Kirk,Maryann
2008,Kirk,Richard
2014,Drake,Alicia
2014,Drake,Vergie
2021,Lawson,Rebecca
2026,Neel,Mary
2031,Turner,Mary
2035,Hall,Bonnie
2044,Mcentire,Francis
2053,Kirchausen,Oliver
2055,Casillas,Kevin
2055,Poole,Kevin
2056,Josephson,Karly
2056,Josephson,Pam
2070,Turnbull,Maria
2075,Buckner,Rose
2083,Mathews,Gerald
2083,Mathews,Phyllis
2084,Connolly,Holly
2084,Connolly,Jason
2087,Chandler,Camille
2087,Hernandez,Camille
2087,Chandler,Vance
2087,Hernandez,Vance
2094,Spiers,Sandra
2095,Johnson,Rosa
2095,Johnson,Calvin
2115,Sysyn,Pam
2118,Williams,Vincent
2118,Williams,Alice
2148,Martin,Brittany
2149,Frank,Joanne
2154,Mendoza,Linda
2160,Ray,Neal
2170,Shelton,Tricia
2170,Shelton,Gerald
2170,Shelton,Adam
2175,Reed,Willie
2177,Ratliff,John
2181,Dougal,Hans
2184,Tusa,Kirk
2192,Ramos,Arthur
2212,Ellis,Vanessa
2212,Ellis,Frances
2222,Spencer,Gregory
2228,Wilson,Beverly
2228,Wilson,Christopher
2237,Graham,Audrey
2243,Harris,Dorothy
2243,Harris,Dana
2250,Dambrosio,Bryan
2259,Jones,James
2260,Macias,Patricia
2260,Westrom,Patricia
2260,Macias,Geraldine
2260,Westrom,Geraldine
2260,Macias,Susie
2260,Westrom,Susie
2265,Lowery,Erin
2266,Richardson,Gerald
2267,Cloutier,Samuel
2279,Douglas,Faye
2285,Sonoda,Kathy
2289,Cantu,James
2303,Barrow,Kathy
2305,Huber,Marta
2329,Williams,Alfred
2332,Smiley,Cynthia
2332,Keirnan,Cynthia
2332,Smiley,Gerald
2332,Keirnan,Gerald
2334,Young,Jenelle
2338,Powell,Shane
2340,Quach,Alexandra
2345,Paxman,Connie
2350,Tweedy,Kathryn
2355,White,Berta
2361,Brackett,Vernon
2369,Bathke,Anna
2369,Bathke,Alana
2369,Bathke,Steven
2370,Wade,Mary
2373,Bowden,Michelle
2373,Ramirez,Michelle
2373,Bowden,Laura
2373,Ramirez,Laura
2383,Hernandez,Tammy
2383,Fallis,Tammy
2391,Honeycutt,John
2394,Kirby,Marsha
2401,Bell,Raymond
2436,Distasio,Gayle
2450,Turner,Agustin
2450,Turner,Howard
2466,Walters,Vada
2466,Ivey,Vada
2466,Walters,Angela
2466,Ivey,Angela
2468,Nance,Miranda
2468,Garcia,Miranda
2478,Wright,Cathy
2478,Beaver,Cathy
2479,Fabian,Deborah
2486,Standley,Cedric
2489,Shuler,Elizabeth
2505,Gregory,Derek
2510,Kinsler,Pamela
2510,Sutherland,Pamela
2526,Gunderson,Bonnie
2526,Gonzalez,Bonnie
2526,Gunderson,John
2526,Gonzalez,John
2537,Bell,Cynthia
2557,Lisk,Stephanie
2557,Robey,Stephanie
2560,Pullen,Marisa
2567,Adkins,Patricia
2568,Mitchell,Jennifer
2576,Baillie,John
2576,Baillie,June
2576,Baillie,James
2581,Coleman,Brenda
2581,Leblanc,Brenda
2581,Coleman,Carol
2581,Leblanc,Carol
2587,Hong,Mary
2599,Copeland,Donald
2599,Copeland,Kelly
2602,Holt,Linwood
2605,Stewart,Adam
2610,Kinney,Michael
2613,Oleary,Edith
2667,Moniz,Randy
2678,Howarth,Alex
2697,Leonard,Reginald
2708,Franklin,Brandy
2712,Woods,Randy
2715,Castillo,Ryan
2720,Knotts,Larry
2720,Knotts,Cheryl
2726,Salisbury,Randall
2729,Fitzgerald,Nancy
2756,Todd,Mark
2758,Light,Craig
2763,Deyo,Lauren
2770,Leslie,Jonathan
2770,Leslie,Vincent
2783,Padilla,Brian
2783,Precythe,Brian
2783,Padilla,Gerald
2783,Precythe,Gerald
2786,Egan,Janet
2787,Williams,Guadalupe
2791,Cottle,Jessica
2800,Little,Kelly
2802,Birge,Olga
2803,Ramirez,Gerald
2803,Ramirez,Edith
2811,Thruston,Maude
2814,Deveau,Hector
2824,Brady,Gary
2830,Jack,Catherine
2847,Wiseman,Fran
2847,Wiseman,Patricia
2849,Fifield,Jill
2849,Johnson,Jill
2859,Pederson,Sylvia
2862,Nam,David
2883,Griffin,Barbara
2884,Miner,Donald
2886,Henning,Kathleen
2886,Anderson,Kathleen
2886,Garibay,Kathleen
2886,Henning,June
2886,Anderson,June
2886,Garibay,June
2888,Rieth,Dorinda
2893,Harris,Misty
2899,Nailor,Don
2899,Nailor,Meryl
2901,Foster,Maria
2914,Smith,Otis
2919,Sykes,Marcia
2919,Sykes,Tara
2931,Ledbetter,Charles
2939,Travis,Anna
2940,Savage,James
2940,Savage,Ramon
2949,Rauser,Gary
2957,Colone,Damien
2961,Smith,Angie
2965,Baghdasarian,Rose
2965,Serrano,Rose
2975,Bingham,Dottie
2979,Tripp,Tina
2993,Yutzy,Johanna
2993,Yutzy,Felix
1,Zaragoza,Woodrow
2,Choiniere,Ellen
12,Williams,Aldo
32,Bennett,William
32,Foss,William
32,Bennett,Daniel
32,Foss,Daniel
33,Cooper,Anthony
38,Fair,Donald
55,Shellenbarger,Susan
57,Simons,Marion
60,Meixner,Christopher
71,Boyd,Kelly
85,Murray,Lulu
97,Mabe,Jaimie
104,Turner,Dana
110,Downing,Bobbie
122,Clement,Victor
122,Gordon,Victor
126,Stoner,Joseph
133,Couch,Clarence
151,Zelaya,Randall
151,Smith,Randall
151,Zelaya,Sarah
151,Smith,Sarah
153,Reid,Jeffrey
153,Reid,Daniel
157,Vitucci,Christina
158,Odonnell,Donald
159,Stabler,Edward
159,Stabler,Jonathan
161,Truitt,Cora
167,Hooper,Katherine
167,Kelley,Katherine
172,Smith,John
180,Mcrary,Donna
206,Clark,Cristal
208,Kidwell,Rosa
232,Stevens,James
251,Lipsky,Christy
256,Council,Sherri
272,Tate,Louis
273,Townsend,Evelyn
273,Townsend,Jerry
277,Gunderson,Charlotte
277,Gunderson,Mary
286,Mckane,Daniel
295,Young,Ruth
297,Jefferson,Betty
306,Rios,Sheila
306,Rios,Elmer
313,Spiller,Angie
318,Rodriguez,Larry
329,Donley,Phillip
329,Liptrot,Phillip
330,Hart,Fernando
347,Zediker,Tina
351,Putnam,Penny
352,Thorpe,Martin
352,Thorpe,Christopher
355,Andrews,Joe
384,Davis,Erica
390,Dalton,Herman
393,Conn,Matt
393,Nelson,Matt
396,Lupton,Darlene
396,Lupton,Carol
414,Lopez,John
414,Milner,John
414,Lopez,Donna
414,Milner,Donna
416,Bassetti,Sean
435,Middendorf,Beatriz
440,Cairns,George
447,Justice,Sue
460,Davis,Ivory
461,Willer,Derrick
469,Alverez,Bobbie
470,Murray,Paul
476,Massie,Kristen
482,Carter,Jonathan
483,Frank,Ella
488,Cohen,Marion
490,Tyler,Mark
490,Tyler,Jasper
509,Boss,Joesph
509,Boss,Beatrice
524,Pannell,Debra
529,Jackson,James
534,Hays,Rosemary
534,Hays,Willie
536,Parks,Marlene
547,Burlingame,Bryan
566,Nolen,Barbara
575,Allen,Ina
582,Harrison,Paul
584,Peet,Philip
600,Mccauley,Nancy
608,Davis,Walter
611,Martin,Mary
617,Kuebler,Robert
617,Kuebler,Jennifer
642,Day,Ronald
642,Day,Paul
647,Symonds,Veronica
650,Teague,Shannon
652,Debose,Robert
652,Palen,Robert
652,Debose,Janet
652,Palen,Janet
659,Johnson,Megan
663,Varella,Anthony
681,Copley,Carlton
683,Perea,Ron
690,Contreras,Barbara
698,Krause,John
698,Krause,Jimmy
706,Feldt,Steve
707,Walls,Alvaro
707,Walls,Tresa
710,Timinsky,Betsy
720,Reyna,Marlene
728,Harrison,Kathryn
728,Mulvey,Kathryn
729,Micale,Virginia
761,Plamondon,Charlene
762,Wilton,James
762,Mcbride,James
794,Hanson,David
796,Emerson,William
796,Worthey,William
810,Hill,Meaghan
813,Coward,Connie
816,Mcwilliams,Henry
818,Brewington,Juana
821,Alexander,Ann
821,Alexander,Sarah
831,Machado,John
851,Ramey,John
853,Stratton,Duane
855,Taylor,Douglas
871,Morin,Brandon
871,Richard,Brandon
887,Roth,Danial
911,Carrasco,Jonah
926,Tiner,Eddie
926,Tiner,Shelly
928,Loughry,Margaret
928,Barba,Margaret
928,Loughry,Steven
928,Barba,Steven
933,Jarrard,Gerald
952,Goldstein,Paul
962,Stewart,Myles
966,Hoff,Frances
976,Painter,Geneva
990,Harbin,Eric
1005,Ashley,Gertrude
1005,Ashley,Richard
1010,Calderon,Susanne
1031,Ulmer,Don
1036,Lancaster,Asia
1036,Mitchell,Asia
1041,Watson,Pamela
1046,Ader,Sherry
1046,Ader,John
1049,Marana,Priscilla
1059,Schenck,Samuel
1059,Schenck,Esther
1062,Brown,Craig
1068,Gausman,Bryan
1069,Mcelderry,Patrick
1069,Wells,Patrick
1074,Jewett,Brenda
1087,Edwards,Earl
1087,Edwards,Lee
1113,Flores,Emily
1121,Masters,Carmen
1123,Germano,Troy
1135,Jackson,William
1138,Walker,Ruth
1138,Shepherd,Ruth
1139,Robinson,Elnora
1139,Branstetter,Elnora
1150,Padilla,Gary
1150,Padilla,Alan
1165,Johansen,Elizabeth
1165,Sifuentes,Elizabeth
1166,Pratt,Susan
1169,Brown,Sara
1171,Szabat,Cesar
1175,Ward,David
1181,Cassidy,Jesus
1185,Matson,Beth
1187,Winter,Jack
1190,Heavener,Andrew
1198,Melton,John
1215,Champion,Walter
1231,Jordan,Michael
1240,Copeland,Becky
1248,Anderson,Dean
1259,Carter,William
1276,Croteau,Elbert
1287,Lewis,Roger
1290,Kennedy,John
1299,Griffis,Nada
1299,Griffis,Christopher
1304,White,Joshua
1304,White,Raymond
1305,Holt,Joseph
1308,Kartes,Janice
1311,Rosenberg,Dylan
1319,Bush,Courtney
1332,Hoisington,Chester
1334,Reynolds,Samantha
1342,Fantasia,Linda
1357,Rust,Brenda
1357,Rust,Susan
1377,Oconner,Donald
1377,Oconner,Paula
1383,Hoover,Kristina
1385,Frye,Robert
1385,Frye,Alexander
1391,Thomas,Dana
1393,Moore,Sheila
1410,Staebell,Jeffrey
1411,Harris,Martha
1415,Durfee,Terrance
1433,Moody,Wayne
1440,Robinson,Donald
1444,Dickson,Noe
1448,Clerk,David
1448,Clerk,Rex
1453,Rainey,Anthony
1463,Jones,Kenneth
1478,Maldonado,Bob
1478,Maldonado,Timothy
1483,Fewell,Joseph
1513,Smith,Gary
1515,Keegan,Scott
1515,Keegan,Thomas
1525,Mulholland,Frederick
1531,Szmidt,Gwendolyn
1535,Crews,Dorothy
1558,Danger,Mark
1578,Bresnahan,Christopher
1587,Davis,Nina
1592,Dilworth,Joseph
1615,Gomez,David
1615,Gomez,Kristen
1616,Brown,Darcy
1622,Meza,Steven
1629,Mcdowell,Jeffrey
1631,Baerga,Martha
1637,Pettis,Paul
1647,Helgeson,Araceli
1649,Edmundson,Donna
1655,Pair,Carolyn
1674,Stevens,Diane
1696,Scott,Ryan
1708,Kang,Maria
1710,Mcpherson,Molly
1711,Sutton,Alexis
1713,Sether,Hung
1728,Nicholas,Thomas
1735,Richardson,Karl
1741,Jackson,Joyce
1741,Jackson,Eduardo
1771,Ratcliff,Manual
1771,Ratcliff,Teresa
1772,Corbitt,Melissa
1773,Alexander,Helen
1795,Lewis,Ada
1806,Southern,Erin
1806,Byers,Erin
1812,Payne,Derrick
1812,Payne,Richard
1822,Perez,Jeffrey
1835,Aho,Thomas
1852,Bligen,John
1856,Mims,Fermina
1860,Ball,Jarrod
1860,Ball,Robert
1864,Brown,Tiffany
1867,Waters,Crystal
1868,Espinoza,Melissa
1868,Espinoza,Marcus
1872,Scott,Brad
1872,Fortier,Brad
1872,Scott,Cindy
1872,Fortier,Cindy
1894,Lindemann,Lionel
1917,Jones,Muriel
1917,Allen,Muriel
1923,Love,Peggy
1930,Williams,Laura
1941,Pinard,George
1941,Pinard,Tonya
1955,Wright,Alton
1971,Valenzuela,Kourtney
1973,Aste,William
1980,Hamilton,David
1981,Huskey,James
1996,Murphy,Carol
1997,Martinez,Michael
1997,Martinez,Mary
2003,Oliver,Maria
2003,Oliver,Alan
2007,Russell,Violet
2021,Stargell,Rebecca
2023,Geoghegan,Emily
2036,Mcmahon,Erwin
2047,Perez,Amber
2053,Greene,Oliver
2082,Scaglione,Chad
2083,Kjar,Gerald
2083,Kjar,Phyllis
2084,Kenely,Holly
2084,Kenely,Jason
2095,Johnson,Rosa
2095,Johnson,Calvin
2101,Harris,Matt
2101,Harris,Michael
2106,Nilsen,Emory
2115,Sparks,Pam
2128,Fontenette,Alberto
2148,Horst,Brittany
2152,Marquez,Gayle
2163,Barnhart,Daniel
2163,Barnhart,Laura
2165,Elletson,Annette
2165,Elletson,James
2177,Mcintosh,John
2177,Williams,John
2181,Mccurdy,Hans
2184,Creed,Kirk
2237,Ogden,Audrey
2239,Sola,Scott
2243,Sherrill,Dorothy
2243,Sherrill,Dana
2258,Thomas,Rocco
2265,Friend,Erin
2265,Taylor,Erin
2266,Erickson,Gerald
2282,Bozek,Ginny
2282,Carver,Ginny
2282,Ford,Ginny
2285,Lott,Kathy
2285,Norton,Kathy
2298,Murrah,Sheri
2298,Murrah,Marcia
2330,Garcia,Sarah
2332,Brown,Cynthia
2332,Brown,Gerald
2345,Sayegh,Connie
2350,Strickland,Kathryn
2361,Hall,Vernon
2365,Moore,Justin
2369,Gressler,Anna
2369,Gressler,Alana
2369,Gressler,Steven
2371,Templeton,Brad
2372,Meeter,Brandee
2372,Meeter,Richard
2375,Hsieh,Charles
2383,Holloway,Tammy
2391,Mcgeever,John
2395,Hall,Josef
2395,Edwards,Josef
2435,Rafferty,Teddy
2445,Walker,William
2446,Cornell,Clarence
2450,Grimm,Agustin
2450,Grimm,Howard
2466,Mauro,Vada
2466,Mauro,Angela
2467,Cummings,Ross
2467,Cummings,Anthony
2469,West,Derrick
2469,Mora,Derrick
2469,West,Norma
2469,Mora,Norma
2476,Copeland,Jeffrey
2476,Copeland,James
2478,Wall,Cathy
2493,Moon,David
2502,Favela,Ruth
2504,Vallejos,Ralph
2518,Graves,Brandon
2520,Forsythe,Joseph
2537,Rhone,Cynthia
2545,Medina,Cynthia
2557,Murphy,Stephanie
2560,Whited,Marisa
2567,Meehan,Patricia
2576,Reid,John
2576,Reid,June
2576,Reid,James
2577,Capone,Brandon
2581,King,Brenda
2581,Fancher,Brenda
2581,King,Carol
2581,Fancher,Carol
2586,Walton,Sarah
2586,Walton,Duane
2590,Fleming,Enoch
2602,Dejong,Linwood
2604,Vanhuss,Brian
2610,Kelly,Michael
2615,Dyson,Loretta
2635,Richman,Joesph
2636,Dixon,Darlene
2655,Zeigler,Roderick
2661,Daniels,Edward
2662,Wagner,Jeanne
2670,Tate,Mark
2670,Tate,Richard
2671,Henry,Randy
2715,Giannecchini,Ryan
2720,Turner,Larry
2720,Turner,Cheryl
2726,Smith,Randall
2727,Smith,Mary
2729,Drake,Nancy
2743,Guerrero,Keith
2744,Wilson,Mary
2744,Wilson,Gordon
2749,Holbrook,Gloria
2753,Dyer,Jesse
2754,Buchanan,Doreen
2758,Jernigan,Craig
2758,Rosier,Craig
2760,Martinez,Deana
2760,Walker,Deana
2763,Beck,Lauren
2770,Williamson,Jonathan
2770,Williamson,Vincent
2771,Mckinney,Sergio
2781,Garrett,Denise
2781,Garrett,Linda
2787,Roark,Guadalupe
2788,Belle,Helen
2791,Kneip,Jessica
2800,Cottman,Kelly
2803,Hyde,Gerald
2803,Campbell,Gerald
2803,Hyde,Edith
2803,Campbell,Edith
2823,Stanford,Katie
2826,Gamble,Edward
2832,Cornell,Madge
2832,Ross,Madge
2838,Scordato,Frank
2847,Brenton,Fran
2847,Brenton,Patricia
2849,Bauer,Jill
2874,Locke,Ruby
2890,Anderson,Ines
2890,Bourque,Ines
2890,Anderson,Rick
2890,Bourque,Rick
2891,Carter,Latasha
2891,Carter,Crystal
2900,Kyseth,Thomas
2900,Kyseth,Serena
2901,Truelove,Maria
2907,Smith,Irene
2914,Cleare,Otis
2917,Smith,Sherri
2917,Smith,Adriana
2918,Johnson,Maggie
2931,Bland,Charles
2933,Gibbs,Catharine
2939,Amundson,Anna
2940,Almond,James
2940,Almond,Ramon
2956,Lawson,Peter
2962,Mccoy,Helen
2965,Kincaid,Rose
2976,Thalls,Kenneth
2981,Lynch,Emilio
2989,Bossler,Emily
2989,Dewitt,Emily
2998,Wallace,Harriet
2998,Wallace,Eleanor
2,Vandeusen,Ellen
12,Burgos,Aldo
12,Gonzalez,Aldo
18,Hall,Mary
18,Hinkley,Mary
21,Phares,Tara
21,Rankin,Tara
24,Mata,Patricia
24,Corbin,Patricia
32,Mcentyre,William
32,Mcentyre,Daniel
35,Wilson,Keith
35,Zielinski,Keith
38,Bryant,Donald
53,Brough,Joyce
55,Armstrong,Susan
58,Loudermilk,Jennifer
63,Ross,Delia
66,Wahlstrom,Joan
66,Lee,Joan
71,Brooks,Kelly
97,Rudolph,Jaimie
102,Strom,John
130,Graham,Allen
130,Graham,Gay
150,Lane,Maragret
152,Walters,Lorenza
157,Adams,Christina
157,Thomas,Christina
163,Lopez,John
167,Pogue,Katherine
170,Stegmann,Hannah
174,Custodio,Alesia
188,Kelsey,John
188,Kelsey,Evelyn
202,Jaffe,Robert
205,Varela,Patricia
236,Howard,William
239,Robles,Nilsa
249,Tompkins,Cheryl
251,Moreland,Christy
256,Fournier,Sherri
259,Dougherty,David
272,Nekola,Louis
275,Guthrie,Isabel
277,Sharpe,Charlotte
277,Sharpe,Mary
278,Wong,Nathan
295,Flynn,Ruth
295,Page,Ruth
296,Mcdaniel,Robert
296,Mcdaniel,Amber
296,Mcdaniel,Irvin
298,Gaffney,Joanna
311,Graham,Matthew
313,Oneal,Angie
318,Nelson,Larry
319,Zebell,Lonnie
320,Jackson,Damaris
320,Russell,Damaris
320,Jackson,Paul
320,Russell,Paul
342,Barrientos,Geraldine
342,Barrientos,Shannon
347,Colon,Tina
351,Mcguirl,Penny
352,Lloyd,Martin
352,Lloyd,Christopher
367,King,Earnest
372,Patrick,Leola
390,Hinds,Herman
393,Fiorello,Matt
399,Disimone,Michelle
399,Disimone,Vernon
401,Dant,Harold
416,Smith,Sean
419,Lofton,Sarah
430,Staples,Pamela
435,Shaner,Beatriz
438,Lopez,Brian
438,Nailor,Brian
438,Lopez,Jodi
438,Nailor,Jodi
444,Guthrie,Thomas
446,Villatoro,Kevin
446,Sawicki,Kevin
446,Villatoro,Heather
446,Sawicki,Heather
447,King,Sue
459,English,Jamie
470,Garrison,Paul
482,Carrington,Jonathan
483,Kittell,Ella
493,Garing,Luis
495,Washington,George
501,White,Daisy
504,Mclaughlin,Judith
504,Jordan,Judith
531,Foltz,Catherine
533,Phair,William
536,Pendleton,Marlene
539,Horodyski,Patrick
550,Mohr,Jessica
550,Harvey,Jessica
550,Mohr,William
550,Harvey,William
562,Carroll,Debbie
562,Williams,Debbie
566,Hernandez,Barbara
569,Strauss,John
575,Kiernan,Ina
581,Knight,Donald
582,Massey,Paul
608,Glass,Walter
627,Tapia,Elizabeth
627,Tapia,Ethel
629,Steffen,Cleo
629,Price,Cleo
640,Walker,Katie
650,Gay,Shannon
650,Crafter,Shannon
652,Todd,Robert
652,Todd,Janet
659,Cochran,Megan
659,Ress,Megan
702,Holcomb,Eliseo
706,Trager,Steve
707,Marvin,Alvaro
707,Marvin,Tresa
710,Moore,Betsy
733,Washington,Michael
747,Salles,Joseph
747,Jackson,Joseph
747,Salles,Dale
747,Jackson,Dale
778,Shelby,Tabitha
789,Phillips,Kelli
794,Gibson,David
796,Irvin,William
815,Guzman,Andrew
821,Day,Ann
821,Day,Sarah
838,Peck,Candy
843,Mccord,Megan
846,Howard,Anne
846,Rice,Anne
851,Wilson,John
853,Varel,Duane
857,Foster,Lisa
857,Foster,John
868,Haynes,Timothy
868,Haynes,Natasha
871,Claiborne,Brandon
892,Schmidt,Ada
910,Simon,Nancy
922,Driscoll,Lynn
927,Davis,Mary
928,Pursifull,Margaret
928,Pursifull,Steven
932,Duchesne,Michelle
933,Logan,Gerald
935,Fordham,Hattie
950,Pena,Samantha
958,Richardson,Richelle
958,Wall,Richelle
962,Cox,Myles
966,Price,Frances
976,Wasmer,Geneva
978,Spencer,Harold
985,Robinson,Gabriel
985,Robinson,Dwayne
986,Colvin,Derek
990,Duong,Eric
1011,Hoyman,Nancy
1012,Nagy,Jeffrey
1040,Lightner,Julia
1040,Lightner,Daniel
1045,Penrod,Charlene
1046,Green,Sherry
1046,Richardson,Sherry
1046,Green,John
1046,Richardson,John
1049,Johnson,Priscilla
1050,Smith,Mark
1062,Manalo,Craig
1064,Buck,Ola
1087,Taylor,Earl
1087,Taylor,Lee
1089,Perreira,David
1113,Mcdonald,Emily
1125,Gibson,Flora
1135,Wasson,William
1150,Stone,Gary
1150,Stone,Alan
1155,Weaver,Willie
1160,Lane,Misty
1169,Monroe,Sara
1169,Delrosso,Sara
1172,Cook,Lina
1179,Venzke,Guillermo
1190,Laramee,Andrew
1191,Polley,Kyle
1198,Unrein,John
1231,Lau,Michael
1231,Black,Michael
1241,Dunlap,Samantha
1251,Williams,Louise
1270,Overman,Jame
1290,Mckinney,John
1299,James,Nada
1299,James,Christopher
1300,Smith,Shirley
1303,Kennedy,Steven
1305,Cashman,Joseph
1312,Cook,Ethel
1325,Leonard,Heidi
1325,Leonard,Henry
1332,Strecker,Chester
1333,Hopper,Sanjuana
1357,Hargrove,Brenda
1357,Hargrove,Susan
1359,Armstead,James
1375,Carl,Penny
1383,Bolton,Kristina
1388,Kroll,Kevin
1389,Bates,Kala
1391,Thompson,Dana
1400,Murray,Bryant
1400,Stevenson,Bryant
1400,Murray,Christine
1400,Stevenson,Christine
1400,Murray,Kevin
1400,Stevenson,Kevin
1401,Davis,Collen
1403,Cotney,Ruth
1406,Clark,Jennie
1410,Chandler,Jeffrey
1420,Arnold,Magdalena
1447,Herriman,Tracy
1456,White,Mark
1463,Cahill,Kenneth
1463,Aubry,Kenneth
1507,Byler,Christopher
1517,Clements,Nancy
1517,Rodriguez,Nancy
1517,Carnahan,Nancy
1517,Clements,Mary
1517,Rodriguez,Mary
1517,Carnahan,Mary
1517,Clements,Pat
1517,Rodriguez,Pat
1517,Carnahan,Pat
1525,Mobley,Frederick
1527,Denham,Eva
1530,Goddard,John
1531,Smith,Gwendolyn
1536,Evans,Gaynell
1536,Evans,Carter
1573,Smith,John
1575,Clark,Matthew
1575,Cook,Matthew
1578,Lopez,Christopher
1581,Meyer,Joyce
1584,Masztal,Denise
1584,Masztal,Louise
1590,Phillips,Michael
1590,Phillips,Joyce
1595,Norris,Patricia
1615,Bishop,David
1615,Limerick,David
1615,Bishop,Kristen
1615,Limerick,Kristen
1637,Engle,Paul
1637,Thompson,Paul
1647,Jensen,Araceli
1649,Crabtree,Donna
1653,Stgermain,Darrell
1659,Smith,Brian
1661,Adkins,Daniel
1668,Dickson,Judith
1690,Capriotti,Jonathan
1706,Clemons,Jane
1718,Salazar,Rene
1728,Thompson,Thomas
1732,Joslyn,Susan
1735,Baadsgaard,Karl
1743,Lehmberg,Patricia
1771,Mcaferty,Manual
1771,Mcaferty,Teresa
1772,Hill,Melissa
1776,Garza,Ben
1778,Crump,Rose
1778,Crump,Melanie
1779,Burrell,Gonzalo
1779,Burrell,Dennis
1780,Sigman,Oma
1809,Lee,Ashlyn
1811,Jone,Joshua
1815,Dick,Nathaniel
1822,Bradford,Jeffrey
1840,Kitchens,Mary
1847,Chambley,Gary
1851,Fuller,Esther
1852,Macmillan,John
1857,Hua,Gabriel
1864,Roberts,Tiffany
1868,Jones,Melissa
1868,Jones,Marcus
1872,Nguyen,Brad
1872,Koerner,Brad
1872,Nguyen,Cindy
1872,Koerner,Cindy
1892,Hart,Glenn
1912,Coram,Roy
1917,Pierce,Muriel
1930,Ennen,Laura
1940,Stover,Clayton
1941,Dillingham,George
1941,Dillingham,Tonya
1967,Edgeworth,William
1967,Edgeworth,John
1973,Perkins,William
1979,Woods,Dominic
1979,Gustafson,Dominic
1997,Schenk,Michael
1997,Brewer,Michael
1997,Schenk,Mary
1997,Brewer,Mary
2002,Gray,Johnathan
2002,Hickman,Johnathan
2002,Gray,Charles
2002,Hickman,Charles
2006,Cordova,Francisco
2006,Cordova,Mark
2008,Donovan,Maryann
2008,Donovan,Richard
2014,Alston,Alicia
2014,Stremming,Alicia
2014,Alston,Vergie
2014,Stremming,Vergie
2023,Santos,Emily
2031,Morgan,Mary
2035,Miller,Bonnie
2044,Pitts,Francis
2056,Mcclure,Karly
2056,Reid,Karly
2056,Mcclure,Pam
2056,Reid,Pam
2075,Lewis,Rose
2087,Irwin,Camille
2087,Irwin,Vance
2101,Benner,Matt
2101,Benner,Michael
2106,Aldana,Emory
2106,Fortier,Emory
2116,Horsley,James
2118,Avino,Vincent
2118,Steiger,Vincent
2118,Avino,Alice
2118,Steiger,Alice
2139,Plackett,Blanche
2148,Redfox,Brittany
2149,Crafford,Joanne
2152,Brooks,Gayle
2154,Cheatom,Linda
2175,Minor,Willie
2175,Morrow,Willie
2177,Otto,John
2184,Janousek,Kirk
2192,Merryman,Arthur
2194,Guereca,Johnny
2200,Dathe,Corinne
2202,Cruz,Linda
2212,Graves,Vanessa
2212,Graves,Frances
2239,Todd,Scott
2239,Bowen,Scott
2243,Senn,Dorothy
2243,Senn,Dana
2245,Vanpelt,Loraine
2255,Radloff,Barbara
2259,Nevills,James
2259,Wortham,James
2265,Lake,Erin
2267,Brown,Samuel
2289,Speed,James
2297,Creighton,Michele
2298,Delgado,Sheri
2298,Delgado,Marcia
2303,Mays,Kathy
2305,Overton,Marta
2329,Stewart,Alfred
2330,Rodriquez,Sarah
2338,Starkey,Shane
2339,Coburn,Jackson
2345,Fox,Connie
2355,Campion,Berta
2365,Renshaw,Justin
2369,Robison,Anna
2369,Robison,Alana
2369,Robison,Steven
2370,Marshall,Mary
2372,Viggiano,Brandee
2372,Viggiano,Richard
2373,Zimmerman,Michelle
2373,Zimmerman,Laura
2375,Scott,Charles
2386,Burgess,Joy
2390,Duran,Judy
2390,Duran,Alice
2395,Pryor,Josef
2397,Singh,Alvin
2408,Baez,Ronald
2426,Stokes,Victor
2426,Stokes,James
2427,Humphreys,Paulette
2435,Johnson,Teddy
2445,Mcdaniel,William
2446,Schofield,Clarence
2450,Nolan,Agustin
2450,Nolan,Howard
2452,Pooler,Anne
2460,Horton,Robert
2466,Spirer,Vada
2466,Spirer,Angela
2467,Hook,Ross
2467,Hook,Anthony
2469,Thomas,Derrick
2469,Thomas,Norma
2476,Moseley,Jeffrey
2476,Moseley,James
2489,Seaman,Elizabeth
2503,Lauderdale,Sabrina
2510,Moulton,Pamela
2521,Alvarez,Michael
2521,Alvarez,Wilfred
2526,Oneill,Bonnie
2526,Oneill,John
2571,Rocha,Bobby
2571,Rocha,Samuel
2577,Petersen,Brandon
2586,Meyer,Sarah
2586,Meyer,Duane
2599,Tuller,Donald
2599,Tuller,Kelly
2600,Ruckman,Bill
2600,Jorgenson,Bill
2604,Taylor,Brian
2605,Lyon,Adam
2631,Brown,Thanh
2631,Brown,Jerry
2631,Brown,Erica
2636,Street,Darlene
2655,Stoneberg,Roderick
2667,Rogers,Randy
2667,Thomas,Randy
2670,Lopez,Mark
2670,Lee,Mark
2670,Lopez,Richard
2670,Lee,Richard
2678,Knott,Alex
2679,Lyford,Dorothea
2688,Weston,Adrianne
2688,Weston,Megan
2708,Brooks,Brandy
2712,Twitty,Randy
2717,Adkins,Robert
2720,Lugo,Larry
2720,Lugo,Cheryl
2770,Lagrange,Jonathan
2770,Lagrange,Vincent
2781,Brandenburg,Denise
2781,Calvin,Denise
2781,Brandenburg,Linda
2781,Calvin,Linda
2790,Wohner,Jack
2814,Ledwig,Hector
2815,Young,Jane
2815,Mangione,Jane
2826,Anderson,Edward
2833,Hall,Ernie
2833,Williams,Ernie
2838,Jones,Frank
2841,Couch,Fabian
2847,Headley,Fran
2847,Headley,Patricia
2851,Goodwin,Cheryl
2851,Brown,Cheryl
2874,Crowden,Ruby
2884,Schlesener,Donald
2889,Keller,Patrick
2890,Beltrami,Ines
2890,Beltrami,Rick
2891,Barfield,Latasha
2891,Barfield,Crystal
2893,Danner,Misty
2899,Bastien,Don
2899,Castle,Don
2899,Bastien,Meryl
2899,Castle,Meryl
2901,Dixon,Maria
2907,Fuller,Irene
2918,Bessick,Maggie
2924,Swanson,Brian
2939,Johnson,Anna
2940,Lokken,James
2940,Lokken,Ramon
2957,Barnes,Damien
2965,Arrington,Rose
2981,Roper,Emilio
2998,Hicks,Harriet
2998,Hicks,Eleanor
