table,sendTo,payload
R,1,501‖Greg
R,1,503‖Mary
R,1,504‖Ronnie
R,1,511‖Earl
R,1,523‖Nereida
R,1,524‖Leslie
R,1,531‖Augustine
R,1,537‖Sophie
R,1,540‖Katherine
R,1,544‖Steven
R,1,553‖John
R,1,560‖Shawna
R,1,562‖David
R,1,566‖Yvonne
R,1,566‖Cristal
R,1,570‖Mary
R,1,573‖Marc
R,1,574‖Carmen
R,1,574‖Sue
R,1,576‖Bettye
R,1,578‖Kevin
R,1,580‖Kristina
R,1,585‖Barbara
R,1,586‖Kirby
R,1,592‖Kelly
R,1,593‖Kimberly
R,1,593‖Stephen
R,1,595‖Betty
R,1,597‖Krista
R,1,599‖Jennifer
R,1,603‖Carolyn
R,1,608‖Nannie
R,1,624‖Warren
R,1,625‖Ronald
R,1,625‖Sean
R,1,629‖Kristin
R,1,632‖Rebecca
R,1,636‖Daniel
R,1,637‖Gregory
R,1,637‖Kimberly
R,1,644‖Albertine
R,1,644‖Matthew
R,1,646‖Evelyn
R,1,647‖Florine
R,1,648‖Carmen
R,1,650‖Anne
R,1,652‖Nicholas
R,1,655‖Carolyn
R,1,662‖Darren
R,1,663‖Olivia
R,1,675‖Pat
R,1,681‖Dorothy
R,1,686‖Andrew
R,1,686‖Rebecca
R,1,687‖Courtney
R,1,688‖Vicki
R,1,691‖Shirley
R,1,697‖Ronald
R,1,697‖Keith
R,1,697‖Melissa
R,1,705‖James
R,1,709‖Frankie
R,1,709‖Lisa
R,1,718‖Patricia
R,1,721‖Joshua
R,1,723‖Valerie
R,1,726‖Evan
R,1,726‖Laura
R,1,727‖Milton
R,1,728‖James
R,1,730‖Virginia
R,1,735‖Jim
R,1,736‖David
R,1,737‖William
R,1,741‖Laurel
R,1,743‖Mary
R,1,749‖Joseph
R,1,751‖Timothy
R,1,752‖Diane
R,1,761‖Lori
R,1,762‖Justin
R,1,762‖Katherine
R,1,766‖Jose
R,1,767‖Mildred
R,1,770‖Joel
R,1,776‖Christopher
R,1,783‖Gertude
R,1,788‖Edward
R,1,789‖Jenny
R,1,793‖Anthony
R,1,794‖Pamela
R,1,798‖Stewart
R,1,804‖Brian
R,1,805‖Carol
R,1,812‖Debra
R,1,812‖Rebecca
R,1,813‖Robert
R,1,814‖Susan
R,1,815‖Michelle
R,1,821‖Lashonda
R,1,831‖Caroline
R,1,833‖Daniel
R,1,834‖Jackie
R,1,836‖Michael
R,1,837‖Daniel
R,1,841‖Steven
R,1,861‖Sherry
R,1,862‖Margaret
R,1,865‖Manuel
R,1,867‖Juan
R,1,870‖Bart
R,1,871‖Stanley
R,1,871‖Paul
R,1,871‖Nellie
R,1,876‖Mary
R,1,877‖Patricia
R,1,878‖Marcelino
R,1,879‖Kimberly
R,1,881‖Donald
R,1,883‖Diana
R,1,886‖Albert
R,1,889‖Karl
R,1,897‖Crystal
R,1,898‖John
R,1,898‖Mary
R,1,901‖Joseph
R,1,904‖Garland
R,1,905‖Anthony
R,1,906‖Thomas
R,1,909‖Charles
R,1,910‖Edna
R,1,911‖James
R,1,911‖Bill
R,1,911‖Robert
R,1,914‖Mary
R,1,915‖Mervin
R,1,916‖Theresa
R,1,917‖Karen
R,1,920‖Shu
R,1,920‖Dennis
R,1,920‖Lois
R,1,924‖Elizabeth
R,1,925‖Robert
R,1,925‖Diane
R,1,926‖Ronald
R,1,928‖Joshua
R,1,931‖Frances
R,1,931‖Jessie
R,1,934‖Mark
R,1,935‖Steven
R,1,935‖Deborah
R,1,936‖Diana
R,1,938‖Rosalind
R,1,938‖Frances
R,1,940‖Tami
R,1,944‖Tammy
R,1,944‖Henry
R,1,949‖George
R,1,950‖Whitney
R,1,950‖Janel
R,1,953‖Dennis
R,1,955‖Randall
R,1,958‖Faye
R,1,958‖Sonja
R,1,972‖Maggie
R,1,973‖James
R,1,976‖Santiago
R,1,980‖David
R,1,983‖William
R,1,984‖Julie
R,1,986‖Earl
R,1,997‖Nina
S,1,502‖Robinson
S,1,508‖Fye
S,1,510‖Myers
S,1,514‖Ross
S,1,520‖Nash
S,1,521‖Earheart
S,1,523‖Cox
S,1,524‖Bright
S,1,524‖Chesley
S,1,527‖Turnbull
S,1,529‖Lyons
S,1,531‖Purcell
S,1,532‖Hart
S,1,532‖Cadwell
S,1,533‖Davis
S,1,535‖Mackie
S,1,541‖Jones
S,1,542‖Marcum
S,1,546‖Watts
S,1,546‖Danielson
S,1,546‖Brown
S,1,549‖Miller
S,1,554‖Mcfadden
S,1,559‖King
S,1,562‖Sanos
S,1,563‖Lee
S,1,564‖Mccoy
S,1,564‖Qualls
S,1,566‖Dowlin
S,1,573‖Roache
S,1,577‖Mayes
S,1,577‖Fortier
S,1,580‖Halsey
S,1,580‖Shelton
S,1,583‖Mccurdy
S,1,589‖Howell
S,1,591‖Breden
S,1,595‖Pretti
S,1,597‖Foley
S,1,604‖Long
S,1,607‖Fry
S,1,611‖Lum
S,1,613‖Lasure
S,1,617‖Becerra
S,1,617‖Howard
S,1,618‖Anderson
S,1,619‖Sanpedro
S,1,619‖Hendon
S,1,624‖Carter
S,1,628‖Leonard
S,1,629‖Bernabe
S,1,635‖Moers
S,1,637‖Spurlock
S,1,638‖Hernandez
S,1,641‖Lackey
S,1,643‖Wheeler
S,1,644‖Morris
S,1,645‖Mustafa
S,1,646‖Taylor
S,1,648‖Bearden
S,1,652‖Itson
S,1,654‖Hernandez
S,1,656‖Maize
S,1,658‖Vedder
S,1,662‖Martin
S,1,665‖Hausner
S,1,674‖Shores
S,1,674‖Cooper
S,1,679‖Geer
S,1,681‖Fundora
S,1,687‖Calvin
S,1,689‖Taylor
S,1,691‖Fraser
S,1,693‖Harris
S,1,694‖Corbett
S,1,697‖Vickers
S,1,700‖Johnson
S,1,708‖Milton
S,1,714‖Stalnaker
S,1,723‖Henry
S,1,738‖James
S,1,738‖Reyes
S,1,739‖White
S,1,739‖White
S,1,744‖Mcgee
S,1,746‖Robinson
S,1,747‖Walker
S,1,750‖Hull
S,1,751‖Willey
S,1,751‖Overshown
S,1,754‖Koski
S,1,757‖Odonnell
S,1,757‖Wilson
S,1,758‖Hamilton
S,1,764‖Boggioni
S,1,765‖Howard
S,1,767‖Hudson
S,1,769‖Neer
S,1,770‖Dickson
S,1,772‖Goggin
S,1,775‖Murphy
S,1,775‖Dover
S,1,780‖Baker
S,1,780‖Devault
S,1,782‖Maxwell
S,1,783‖Elliot
S,1,783‖Sokol
S,1,787‖Foreman
S,1,788‖Thompson
S,1,789‖Stebbins
S,1,792‖Martin
S,1,794‖Licursi
S,1,795‖Hayes
S,1,799‖Durham
S,1,801‖Lopez
S,1,802‖Brown
S,1,813‖Morton
S,1,815‖Perez
S,1,818‖Chouteau
S,1,819‖Montoya
S,1,819‖Thompson
S,1,823‖Hines
S,1,823‖Kennedy
S,1,824‖Raub
S,1,829‖Jones
S,1,830‖Slavin
S,1,830‖James
S,1,830‖Lewis
S,1,833‖Killian
S,1,834‖Holiday
S,1,835‖Dinwiddie
S,1,836‖Vanvleck
S,1,837‖Sigmon
S,1,845‖Scurry
S,1,846‖Bell
S,1,853‖Vinroe
S,1,854‖Fuchs
S,1,858‖Cummings
S,1,861‖Sandridge
S,1,867‖Perez
S,1,869‖White
S,1,874‖Bailey
S,1,875‖Briggs
S,1,878‖Sheridan
S,1,878‖Couto
S,1,882‖Rabello
S,1,883‖Slostad
S,1,884‖Bass
S,1,885‖Stroope
S,1,886‖Johnson
S,1,890‖Staten
S,1,892‖Damour
S,1,896‖Wasson
S,1,897‖Vasquez
S,1,897‖Richardson
S,1,898‖Roche
S,1,898‖Masella
S,1,901‖Paradiso
S,1,901‖Kimber
S,1,905‖Gravitt
S,1,907‖Champion
S,1,908‖Roberts
S,1,910‖Hallowell
S,1,911‖Trumbo
S,1,917‖Smith
S,1,918‖Poulton
S,1,919‖Little
S,1,920‖Wiles
S,1,922‖Cole
S,1,936‖Dew
S,1,937‖Brown
S,1,938‖Partain
S,1,939‖Grissom
S,1,941‖Blomdahl
S,1,943‖Sussman
S,1,944‖Cha
S,1,945‖Mcchriston
S,1,949‖Fry
S,1,949‖Thompson
S,1,952‖Garabedian
S,1,953‖Wolf
S,1,958‖Akins
S,1,960‖Washington
S,1,962‖Crawford
S,1,964‖Washington
S,1,964‖Terry
S,1,966‖Marrara
S,1,969‖Lucero
S,1,970‖Ching
S,1,970‖Charles
S,1,980‖Boehman
S,1,980‖Riddle
S,1,983‖Oxley
S,1,989‖Meier
S,1,990‖Pledger
S,1,994‖Roth
S,1,996‖Taliaferro
S,1,997‖Barajas
S,1,998‖Rogers
R,1,500‖Leticia
R,1,502‖James
R,1,503‖Scott
R,1,504‖Felicia
R,1,509‖Mark
R,1,512‖Jason
R,1,514‖Ella
R,1,514‖Charlene
R,1,517‖Katherine
R,1,519‖Dorothy
R,1,522‖John
R,1,523‖Marlene
R,1,524‖Richard
R,1,527‖Michael
R,1,529‖Tiffany
R,1,529‖Denise
R,1,530‖Stephan
R,1,531‖Kenneth
R,1,533‖Virginia
R,1,535‖Milton
R,1,535‖Brendan
R,1,536‖Carlos
R,1,541‖Jeffrey
R,1,541‖Rosalyn
R,1,542‖Laura
R,1,548‖Glen
R,1,551‖Santos
R,1,552‖Diane
R,1,553‖Kathleen
R,1,558‖Lester
R,1,559‖Jared
R,1,564‖Janet
R,1,565‖Raymond
R,1,568‖Charla
R,1,569‖Caitlin
R,1,570‖Kenneth
R,1,576‖Marlene
R,1,583‖Howard
R,1,584‖Raymond
R,1,588‖Maribeth
R,1,590‖Larry
R,1,591‖Dolores
R,1,592‖Rose
R,1,593‖Dave
R,1,600‖Lisa
R,1,602‖Shawn
R,1,604‖Matthew
R,1,606‖Morris
R,1,607‖Gabriele
R,1,608‖Ronald
R,1,610‖Jarrod
R,1,611‖Brandon
R,1,612‖Sheryl
R,1,614‖Billie
R,1,615‖David
R,1,616‖Susan
R,1,617‖Sarah
R,1,618‖John
R,1,619‖Barbara
R,1,624‖Christopher
R,1,624‖Cheryl
R,1,628‖Matthew
R,1,638‖Margie
R,1,641‖Laurena
R,1,651‖Silvia
R,1,654‖Ines
R,1,656‖Donald
R,1,662‖Barbara
R,1,665‖Patricia
R,1,667‖Ronald
R,1,668‖Leslie
R,1,671‖Leslie
R,1,673‖Jessica
R,1,677‖John
R,1,685‖Wayne
R,1,689‖Charles
R,1,692‖Joseph
R,1,693‖Charles
R,1,693‖Diane
R,1,696‖Mark
R,1,701‖Elizabeth
R,1,705‖Candice
R,1,707‖Michael
R,1,708‖Octavio
R,1,711‖Steven
R,1,712‖Caitlin
R,1,717‖Catherine
R,1,725‖Herman
R,1,731‖Andres
R,1,732‖Teresa
R,1,733‖Adam
R,1,734‖Benjamin
R,1,738‖Willie
R,1,741‖Barbara
R,1,742‖Letitia
R,1,743‖Tracey
R,1,746‖Mary
R,1,747‖Lisa
R,1,747‖Paul
R,1,750‖Sammy
R,1,752‖Deloris
R,1,752‖Jerome
R,1,753‖Judith
R,1,757‖Wayne
R,1,758‖Vickie
R,1,762‖Scott
R,1,763‖Antonio
R,1,764‖Erica
R,1,765‖Margaret
R,1,766‖Jane
R,1,767‖Erin
R,1,767‖Kevin
R,1,767‖Mark
R,1,771‖Connie
R,1,771‖Melodie
R,1,775‖Betty
R,1,778‖Christopher
R,1,780‖William
R,1,781‖Hedwig
R,1,789‖Carol
R,1,793‖Chance
R,1,795‖David
R,1,800‖Debra
R,1,804‖Jocelyn
R,1,805‖Thelma
R,1,806‖Regina
R,1,809‖Christopher
R,1,810‖Clyde
R,1,811‖Dante
R,1,818‖Linda
R,1,819‖Sharon
R,1,819‖Julio
R,1,820‖Nannette
R,1,821‖Walter
R,1,823‖Jason
R,1,825‖Thomas
R,1,826‖Herman
R,1,830‖John
R,1,837‖Minnie
R,1,837‖Keesha
R,1,839‖Christopher
R,1,842‖Ruben
R,1,848‖Kathleen
R,1,851‖Harold
R,1,853‖Robin
R,1,853‖Keith
R,1,854‖Willene
R,1,858‖Mallory
R,1,861‖Laura
R,1,862‖George
R,1,865‖Selena
R,1,877‖David
R,1,886‖Fernando
R,1,889‖Julia
R,1,892‖Joseph
R,1,893‖Charlene
R,1,893‖Norma
R,1,896‖Ray
R,1,897‖Elizabeth
R,1,897‖Lucia
R,1,897‖Susan
R,1,898‖Lynn
R,1,900‖Robert
R,1,901‖Cythia
R,1,904‖Jerome
R,1,905‖Raphael
R,1,907‖Devin
R,1,907‖Deborah
R,1,908‖Sandra
R,1,908‖Kathy
R,1,915‖Jonathan
R,1,915‖Sidney
R,1,917‖Duane
R,1,919‖Anne
R,1,919‖Richard
R,1,924‖Olive
R,1,925‖Annette
R,1,929‖Charles
R,1,929‖Hector
R,1,930‖Albert
R,1,931‖Prudence
R,1,933‖Karen
R,1,938‖Karen
R,1,939‖Gerald
R,1,946‖Ronnie
R,1,947‖Sabrina
R,1,953‖Priscilla
R,1,956‖Toby
R,1,963‖Dennis
R,1,965‖Thomas
R,1,966‖Victor
R,1,969‖Ricardo
R,1,970‖Priscilla
R,1,970‖Christopher
R,1,972‖Jackie
R,1,972‖Gregory
R,1,975‖Jennifer
R,1,978‖Beverly
R,1,981‖Mark
R,1,982‖Elaine
R,1,984‖Leonard
R,1,987‖James
R,1,990‖Carol
R,1,990‖Lori
R,1,993‖Michael
R,1,995‖Roberta
S,1,502‖Emrick
S,1,504‖Meeks
S,1,507‖Privateer
S,1,507‖Leppert
S,1,508‖Eslinger
S,1,508‖Maxwell
S,1,509‖Crews
S,1,509‖Terranova
S,1,514‖Roche
S,1,516‖Broome
S,1,517‖Matthews
S,1,519‖Piotrowski
S,1,524‖Carrillo
S,1,527‖Alarcon
S,1,531‖Goguen
S,1,532‖Gonzales
S,1,534‖Johnson
S,1,535‖Jones
S,1,538‖Mitchell
S,1,540‖Wilson
S,1,542‖Kovacs
S,1,543‖Pereda
S,1,544‖Hart
S,1,547‖Mcintyre
S,1,548‖Tran
S,1,554‖Jones
S,1,554‖Miller
S,1,557‖Johnson
S,1,561‖Newman
S,1,561‖Delaurentis
S,1,561‖Gibson
S,1,562‖Cook
S,1,565‖Hale
S,1,565‖Flachs
S,1,569‖Burnham
S,1,576‖Morris
S,1,578‖Newton
S,1,582‖Steele
S,1,583‖Pitcher
S,1,584‖Urbaniak
S,1,588‖Martin
S,1,593‖Robinson
S,1,596‖Carls
S,1,598‖Miera
S,1,599‖Blake
S,1,602‖Campbell
S,1,602‖Rhodes
S,1,607‖Main
S,1,607‖Wylie
S,1,609‖Rangel
S,1,610‖Gonzalez
S,1,611‖Fairman
S,1,611‖Colbert
S,1,613‖Rodriguez
S,1,614‖Farish
S,1,615‖Kirkland
S,1,617‖Waite
S,1,621‖Angel
S,1,622‖Blackwell
S,1,623‖Phelps
S,1,625‖Madigan
S,1,628‖Arp
S,1,629‖Hills
S,1,640‖Thompson
S,1,641‖Jones
S,1,642‖Hawks
S,1,643‖White
S,1,646‖Bishop
S,1,649‖Johnson
S,1,649‖Fine
S,1,649‖Hudson
S,1,650‖Kuster
S,1,658‖Naffziger
S,1,665‖Mccullough
S,1,666‖Farrer
S,1,667‖Mayer
S,1,668‖Bastien
S,1,669‖Flynn
S,1,670‖Thomas
S,1,670‖Mccoy
S,1,675‖Kennedy
S,1,676‖Ross
S,1,680‖Courtright
S,1,681‖Johnson
S,1,682‖Everson
S,1,686‖Pinkard
S,1,688‖Ohare
S,1,693‖Malinsky
S,1,694‖Chen
S,1,698‖Evans
S,1,699‖Phillips
S,1,699‖Myers
S,1,701‖Marshall
S,1,701‖Brett
S,1,702‖Pao
S,1,704‖Scott
S,1,707‖Perkins
S,1,708‖Coon
S,1,708‖Black
S,1,709‖Ackerman
S,1,711‖Davis
S,1,712‖Mozak
S,1,722‖Bellomy
S,1,730‖White
S,1,732‖Davis
S,1,733‖Barnes
S,1,736‖Gore
S,1,745‖Brandt
S,1,748‖Heling
S,1,749‖Rainey
S,1,761‖Stone
S,1,762‖Vaughn
S,1,763‖Oakley
S,1,763‖Trujillo
S,1,764‖Nighman
S,1,764‖Jameson
S,1,766‖Frost
S,1,767‖Anthony
S,1,768‖Moody
S,1,769‖Wilson
S,1,769‖Flick
S,1,777‖Brown
S,1,784‖Mcmanus
S,1,789‖Allen
S,1,790‖Cruz
S,1,801‖Jordan
S,1,803‖Black
S,1,805‖Robards
S,1,806‖Hall
S,1,806‖Yates
S,1,807‖Pierce
S,1,807‖Williams
S,1,808‖Henderson
S,1,808‖Berenguer
S,1,810‖Shea
S,1,812‖Surber
S,1,813‖Rosado
S,1,820‖Lee
S,1,820‖Sherrod
S,1,821‖Lance
S,1,823‖Romero
S,1,824‖Gibbons
S,1,835‖Cobb
S,1,839‖Flagge
S,1,841‖Gardenhire
S,1,841‖Dunham
S,1,843‖Smith
S,1,846‖Wilson
S,1,847‖Grim
S,1,848‖Krikorian
S,1,848‖Lashley
S,1,850‖Popovich
S,1,850‖Zuniga
S,1,851‖Vitale
S,1,862‖Mcgowen
S,1,862‖Marquez
S,1,870‖Stanford
S,1,877‖Merkle
S,1,880‖Dvorak
S,1,881‖Wingfield
S,1,881‖Moskowitz
S,1,885‖Burke
S,1,888‖Gonzalez
S,1,890‖Patterson
S,1,891‖Beckett
S,1,894‖Similien
S,1,899‖Byrne
S,1,900‖Dauzat
S,1,901‖Begay
S,1,903‖Trujillo
S,1,905‖Wood
S,1,906‖White
S,1,908‖Pereira
S,1,908‖Ulrich
S,1,912‖Campbell
S,1,913‖Merlino
S,1,914‖Fleming
S,1,918‖Harris
S,1,920‖Nadeau
S,1,920‖Hoff
S,1,921‖Daniels
S,1,921‖Belcher
S,1,922‖Davis
S,1,923‖Hull
S,1,924‖Pierce
S,1,926‖Franklin
S,1,926‖Hsu
S,1,929‖Meza
S,1,931‖Wimberly
S,1,932‖Jones
S,1,935‖Pare
S,1,936‖Page
S,1,936‖Elwell
S,1,940‖Brasil
S,1,940‖Johnson
S,1,941‖Musselwhite
S,1,942‖Vause
S,1,945‖Sharum
S,1,946‖Moore
S,1,947‖Zeinert
S,1,948‖Mitchell
S,1,948‖Conwell
S,1,950‖Sattler
S,1,951‖Barwick
S,1,953‖Dunn
S,1,955‖White
S,1,958‖Meyer
S,1,959‖Watson
S,1,959‖Mayor
S,1,961‖Ingram
S,1,962‖Sepulveda
S,1,966‖Schultz
S,1,967‖Hansen
S,1,971‖Stansell
S,1,972‖Badgley
S,1,973‖Garcia
S,1,978‖Minors
S,1,982‖Haven
S,1,984‖Smith
S,1,985‖Mahoney
S,1,985‖Black
S,1,986‖Mullen
S,1,987‖Logue
S,1,987‖Thompson
S,1,993‖Conley
S,1,994‖Rehkop
S,1,996‖Moore
R,1,500‖Charles
R,1,505‖Jason
R,1,505‖Carl
R,1,508‖Patricia
R,1,508‖Mary
R,1,508‖Lee
R,1,510‖Fred
R,1,513‖Verna
R,1,513‖Brian
R,1,518‖William
R,1,519‖Marilyn
R,1,520‖William
R,1,520‖Gavin
R,1,520‖Gaston
R,1,525‖Melissa
R,1,528‖Ronald
R,1,532‖Josephine
R,1,532‖Raymond
R,1,533‖Paula
R,1,535‖Richard
R,1,536‖Brenda
R,1,540‖Reva
R,1,546‖Laura
R,1,546‖Elizabeth
R,1,546‖Samuel
R,1,547‖Miriam
R,1,548‖Jose
R,1,549‖Christopher
R,1,551‖Barbara
R,1,555‖Zachary
R,1,557‖John
R,1,559‖Victor
R,1,561‖Charles
R,1,562‖Dalia
R,1,563‖Lila
R,1,565‖Letha
R,1,566‖Jessica
R,1,567‖James
R,1,572‖Michael
R,1,573‖Jose
R,1,573‖John
R,1,576‖Roxanne
R,1,578‖Christy
R,1,578‖America
R,1,583‖Paul
R,1,586‖Irene
R,1,587‖Belinda
R,1,589‖Thomas
R,1,594‖Noel
R,1,596‖Renee
R,1,597‖Gail
R,1,599‖Zachary
R,1,600‖Harold
R,1,602‖Jeffery
R,1,605‖Michael
R,1,609‖Betty
R,1,610‖Alexandra
R,1,617‖James
R,1,618‖Audrey
R,1,620‖Melinda
R,1,623‖Jose
R,1,623‖Nora
R,1,628‖James
R,1,628‖Kellie
R,1,630‖Ray
R,1,633‖Steven
R,1,634‖Vicki
R,1,638‖Mary
R,1,641‖Jessica
R,1,643‖Jesse
R,1,643‖Jenna
R,1,643‖Marylou
R,1,646‖Edith
R,1,648‖Lisa
R,1,648‖Emma
R,1,648‖Melissa
R,1,649‖Jason
R,1,650‖John
R,1,653‖Thomas
R,1,655‖Joseph
R,1,659‖Paul
R,1,661‖Victor
R,1,664‖Allie
R,1,669‖Beverly
R,1,671‖Shirley
R,1,674‖Cory
R,1,675‖Leonard
R,1,680‖Juliet
R,1,682‖Randall
R,1,684‖Abraham
R,1,686‖Jennifer
R,1,694‖Keith
R,1,696‖Daniel
R,1,699‖Corinna
R,1,705‖Larry
R,1,708‖Luis
R,1,710‖Yolanda
R,1,711‖Mike
R,1,711‖Jayme
R,1,713‖Shannon
R,1,714‖Jeffrey
R,1,714‖Paula
R,1,715‖Ruby
R,1,715‖Cody
R,1,716‖Kathryn
R,1,717‖Melissa
R,1,724‖David
R,1,736‖Edward
R,1,736‖Linda
R,1,737‖Edward
R,1,738‖Kimberly
R,1,740‖Kathryn
R,1,745‖Andrea
R,1,748‖Mel
R,1,755‖Taylor
R,1,756‖Ethel
R,1,757‖Pearl
R,1,757‖Terrell
R,1,758‖Columbus
R,1,759‖Maria
R,1,761‖Donna
R,1,763‖Joseph
R,1,764‖Roger
R,1,768‖Matthew
R,1,769‖John
R,1,773‖Sherman
R,1,775‖Linda
R,1,775‖John
R,1,778‖Stephen
R,1,779‖Bridgette
R,1,780‖Richard
R,1,781‖Sean
R,1,787‖Rafael
R,1,790‖Tony
R,1,795‖Carlos
R,1,796‖Eric
R,1,798‖Steve
R,1,799‖Paula
R,1,801‖John
R,1,803‖Vicky
R,1,806‖Steven
R,1,806‖Annie
R,1,807‖Ralph
R,1,807‖Patrick
R,1,808‖Mabel
R,1,809‖Regina
R,1,810‖James
R,1,812‖Sallie
R,1,813‖Rachel
R,1,823‖Heather
R,1,829‖Steven
R,1,829‖Bertha
R,1,830‖Tyler
R,1,833‖Ada
R,1,835‖David
R,1,835‖Kandis
R,1,840‖Perry
R,1,841‖Angela
R,1,844‖James
R,1,844‖Gregory
R,1,844‖Melanie
R,1,845‖Albert
R,1,846‖Jon
R,1,846‖Clint
R,1,850‖Lucy
R,1,853‖Maria
R,1,856‖Brett
R,1,859‖Flora
R,1,860‖Angela
R,1,860‖Michael
R,1,861‖Darrell
R,1,862‖Lindsey
R,1,870‖Robert
R,1,880‖Donald
R,1,883‖Martin
R,1,885‖Robin
R,1,891‖Colleen
R,1,891‖Gerald
R,1,892‖Edward
R,1,893‖Jeremy
R,1,895‖Gregory
R,1,896‖Mikel
R,1,903‖Lea
R,1,905‖Marcy
R,1,910‖William
R,1,912‖Brooke
R,1,913‖Priscilla
R,1,917‖Donald
R,1,920‖Roxanne
R,1,922‖Rebecca
R,1,930‖Lara
R,1,936‖James
R,1,938‖Todd
R,1,939‖Penny
R,1,941‖James
R,1,948‖Gregory
R,1,950‖Deborah
R,1,952‖Matthew
R,1,952‖Daniel
R,1,953‖Shaun
R,1,958‖Chris
R,1,959‖Roxanne
R,1,960‖Amanda
R,1,962‖Sylvia
R,1,963‖Phillip
R,1,964‖Roger
R,1,967‖David
R,1,974‖Norine
R,1,975‖Donald
R,1,978‖David
R,1,980‖Kenneth
R,1,987‖Christopher
R,1,993‖Shirley
R,1,995‖John
R,1,996‖Mark
R,1,997‖Robert
R,1,998‖Jennifer
R,1,999‖Tanya
S,1,500‖Briley
S,1,503‖Daggett
S,1,503‖Emrick
S,1,504‖Starrett
S,1,509‖Brignac
S,1,513‖Ownby
S,1,515‖Warren
S,1,515‖Menzel
S,1,516‖Fassett
S,1,516‖Rogers
S,1,518‖Penland
S,1,519‖Twigg
S,1,520‖Bradford
S,1,521‖Browder
S,1,526‖Johnson
S,1,528‖Willis
S,1,533‖Shedlock
S,1,536‖Marine
S,1,541‖Ward
S,1,545‖Lloyd
S,1,545‖Craver
S,1,551‖Brent
S,1,552‖Ryan
S,1,560‖Goings
S,1,563‖Currin
S,1,565‖Cline
S,1,573‖Smith
S,1,574‖Salisbury
S,1,579‖Goodwin
S,1,583‖Metzler
S,1,584‖Scheel
S,1,586‖Sackal
S,1,587‖Mccloud
S,1,588‖Higgin
S,1,592‖Burke
S,1,595‖Wiggins
S,1,597‖Streett
S,1,600‖Parker
S,1,603‖Gassaway
S,1,606‖Brantley
S,1,608‖Kirkwood
S,1,609‖Winters
S,1,609‖Wolfe
S,1,620‖Hennessey
S,1,621‖Wills
S,1,621‖Collins
S,1,624‖Matson
S,1,624‖Quinn
S,1,625‖Maresco
S,1,625‖Schneider
S,1,626‖Johnson
S,1,627‖King
S,1,628‖Manning
S,1,628‖Chiu
S,1,631‖Cox
S,1,633‖Ray
S,1,635‖Wilkins
S,1,638‖Campbell
S,1,641‖Lank
S,1,644‖Holmes
S,1,648‖Louis
S,1,653‖Bello
S,1,659‖Howe
S,1,661‖Sharpe
S,1,664‖Browne
S,1,671‖Jones
S,1,682‖Waters
S,1,687‖Harris
S,1,687‖Campbell
S,1,689‖Bryant
S,1,690‖Dement
S,1,693‖Sassano
S,1,695‖Garon
S,1,695‖Powell
S,1,696‖Kelly
S,1,700‖Kadlec
S,1,701‖Stremming
S,1,701‖Slater
S,1,706‖Herrington
S,1,714‖Dortch
S,1,716‖Anderson
S,1,717‖Shackelford
S,1,718‖Washburn
S,1,718‖Alexander
S,1,720‖Capp
S,1,725‖Boyer
S,1,726‖Mcmullen
S,1,726‖Bane
S,1,728‖Isbell
S,1,729‖Rivera
S,1,734‖Echols
S,1,735‖Streeter
S,1,737‖Ball
S,1,740‖Hauman
S,1,741‖Goya
S,1,747‖Lopez
S,1,751‖Thompson
S,1,752‖Tibbs
S,1,758‖Maks
S,1,760‖Corcoran
S,1,761‖Given
S,1,762‖Rodriguez
S,1,764‖Little
S,1,765‖Cornett
S,1,766‖Everett
S,1,766‖Ortiz
S,1,767‖Greene
S,1,769‖Russell
S,1,771‖Cacciatori
S,1,774‖Cook
S,1,774‖Harris
S,1,778‖Dixon
S,1,781‖Sanchez
S,1,785‖Safford
S,1,786‖Trevino
S,1,790‖Ross
S,1,790‖Lewis
S,1,793‖Wolf
S,1,795‖Titus
S,1,796‖Burt
S,1,798‖Crites
S,1,800‖Burridge
S,1,802‖Peterson
S,1,803‖Vanwoert
S,1,804‖Kuczenski
S,1,805‖Maldanado
S,1,810‖Thurman
S,1,811‖Sarkin
S,1,812‖Herman
S,1,814‖Ketcher
S,1,818‖Henderson
S,1,819‖Soto
S,1,821‖Kirk
S,1,822‖Templeton
S,1,827‖Lopez
S,1,829‖Slaton
S,1,839‖Wu
S,1,840‖Leadbetter
S,1,841‖Perry
S,1,841‖Pruitt
S,1,844‖Pascoe
S,1,844‖Carter
S,1,847‖Lanham
S,1,851‖Winter
S,1,853‖Winkler
S,1,855‖Bielecki
S,1,859‖Church
S,1,860‖Reyes
S,1,866‖Nickson
S,1,867‖Godeaux
S,1,871‖Maher
S,1,872‖Kantor
S,1,877‖Higby
S,1,879‖Aponte
S,1,879‖Vick
S,1,880‖Morrison
S,1,886‖Crowley
S,1,889‖Franck
S,1,890‖Reist
S,1,891‖Lewis
S,1,892‖Newland
S,1,892‖Trujillo
S,1,893‖Wilcutt
S,1,898‖Carrizales
S,1,903‖Talley
S,1,904‖Gilliam
S,1,907‖Dupree
S,1,909‖Black
S,1,910‖Behrens
S,1,911‖Lopez
S,1,912‖Cannon
S,1,915‖Wicker
S,1,915‖Beasley
S,1,916‖Carter
S,1,919‖Parker
S,1,921‖Simons
S,1,921‖Carson
S,1,924‖Woods
S,1,924‖Jackson
S,1,925‖Ward
S,1,926‖Wallace
S,1,927‖Headley
S,1,929‖Kirby
S,1,929‖Davine
S,1,942‖Evanich
S,1,947‖Dodd
S,1,948‖Boesen
S,1,950‖George
S,1,952‖Harris
S,1,956‖Schoppert
S,1,959‖Clements
S,1,963‖Jacobsen
S,1,968‖Cornish
S,1,969‖Ball
S,1,970‖Canon
S,1,972‖Howell
S,1,974‖Wilson
S,1,975‖Bridges
S,1,977‖Lopez
S,1,981‖Murphy
S,1,981‖Hicks
S,1,993‖Plessinger
S,1,993‖Barnett
S,1,995‖Haggerty
S,1,997‖Zamora
S,1,998‖Haran
R,1,500‖Adrianne
R,1,505‖Luann
R,1,506‖Shane
R,1,514‖Vernon
R,1,515‖Kaci
R,1,516‖Lydia
R,1,521‖Jay
R,1,524‖Pamela
R,1,528‖Yvonne
R,1,532‖Lucy
R,1,534‖Rico
R,1,538‖Jaime
R,1,543‖Mario
R,1,543‖Jo
R,1,545‖Mary
R,1,548‖Michael
R,1,548‖Anneliese
R,1,554‖Darrell
R,1,555‖Charles
R,1,561‖Julio
R,1,563‖Mary
R,1,564‖Andy
R,1,565‖Tina
R,1,575‖Vivian
R,1,577‖Maria
R,1,577‖Becky
R,1,578‖Elizabeth
R,1,579‖Brenda
R,1,582‖Margaret
R,1,583‖Osvaldo
R,1,584‖Lydia
R,1,588‖William
R,1,590‖Deborah
R,1,591‖Michael
R,1,594‖Anthony
R,1,596‖Frank
R,1,596‖Robert
R,1,599‖Brenda
R,1,601‖Michelle
R,1,607‖Brian
R,1,608‖Lou
R,1,609‖Thomas
R,1,609‖Keith
R,1,611‖Jeremy
R,1,612‖Joseph
R,1,613‖Samantha
R,1,614‖Ira
R,1,619‖Lisa
R,1,622‖Gary
R,1,624‖Ricky
R,1,626‖Ronnie
R,1,629‖Kevin
R,1,631‖Walter
R,1,633‖Valeria
R,1,636‖Blake
R,1,636‖Dale
R,1,636‖Melissa
R,1,638‖Christopher
R,1,639‖Charlie
R,1,639‖Virginia
R,1,640‖Martha
R,1,649‖Jason
R,1,655‖Frank
R,1,657‖Giovanni
R,1,658‖Judy
R,1,659‖Maxine
R,1,665‖Norman
R,1,674‖Christian
R,1,675‖Charles
R,1,676‖Felicia
R,1,679‖Dallas
R,1,688‖Lucy
R,1,693‖Alaina
R,1,694‖Barbara
R,1,694‖Paul
R,1,695‖Anthony
R,1,696‖Gene
R,1,696‖William
R,1,699‖James
R,1,699‖Andrea
R,1,701‖Clemmie
R,1,702‖Arthur
R,1,706‖Judy
R,1,707‖Jerry
R,1,708‖George
R,1,709‖Robert
R,1,717‖Jean
R,1,718‖Efrain
R,1,719‖Sandra
R,1,720‖Ralph
R,1,722‖Robert
R,1,725‖David
R,1,726‖Pauline
R,1,728‖Carly
R,1,728‖Anna
R,1,732‖Ruben
R,1,733‖May
R,1,740‖Tabitha
R,1,740‖Robert
R,1,744‖Angela
R,1,745‖Kathleen
R,1,746‖Dorothy
R,1,746‖Michele
R,1,748‖Andres
R,1,751‖Frances
R,1,751‖Rebekah
R,1,754‖Sheri
R,1,764‖Kelly
R,1,765‖Dorothea
R,1,766‖John
R,1,768‖Justin
R,1,769‖Paul
R,1,772‖Joan
R,1,774‖Nathaniel
R,1,775‖Robert
R,1,777‖Robin
R,1,783‖Eddie
R,1,784‖Anne
R,1,785‖Larry
R,1,788‖Jodi
R,1,790‖Brittany
R,1,791‖Andrew
R,1,794‖Ryan
R,1,796‖Cynthia
R,1,797‖Mabel
R,1,800‖Walter
R,1,801‖Gertrude
R,1,802‖Joseph
R,1,803‖John
R,1,803‖April
R,1,812‖Carolyn
R,1,813‖Robert
R,1,815‖Wendy
R,1,818‖Veronica
R,1,818‖Dolly
R,1,819‖Linda
R,1,819‖Chuck
R,1,830‖Deborah
R,1,833‖Joseph
R,1,836‖Kevin
R,1,836‖Jessica
R,1,843‖Elida
R,1,851‖William
R,1,851‖Phyllis
R,1,855‖Florence
R,1,861‖Jean
R,1,866‖Judy
R,1,869‖Cathleen
R,1,874‖Maria
R,1,877‖Taylor
R,1,878‖David
R,1,878‖Ronald
R,1,878‖Jeffrey
R,1,881‖Jason
R,1,881‖Hilda
R,1,882‖Gloria
R,1,883‖Mildred
R,1,884‖Patti
R,1,885‖Gregory
R,1,886‖Jeffrey
R,1,888‖Tommy
R,1,890‖Steven
R,1,890‖Steve
R,1,890‖Matthew
R,1,892‖Gail
R,1,893‖Michael
R,1,894‖Christopher
R,1,895‖Kari
R,1,896‖Reyna
R,1,901‖Daisy
R,1,902‖Michael
R,1,903‖Megan
R,1,905‖David
R,1,908‖Richard
R,1,908‖Rogelio
R,1,909‖Veronica
R,1,914‖Rachel
R,1,916‖Laura
R,1,917‖Michael
R,1,918‖Aaron
R,1,918‖Craig
R,1,919‖Dorothy
R,1,922‖Dina
R,1,924‖Dale
R,1,930‖Robert
R,1,931‖Nicole
R,1,932‖Stephen
R,1,937‖Laura
R,1,937‖Jacob
R,1,941‖Jesse
R,1,942‖Christine
R,1,943‖Steven
R,1,945‖Harold
R,1,945‖Pamela
R,1,946‖Roberto
R,1,946‖Laura
R,1,949‖Velva
R,1,949‖James
R,1,951‖Thomas
R,1,952‖Robert
R,1,955‖Erin
R,1,956‖Rocco
R,1,957‖Charles
R,1,961‖Gary
R,1,962‖Celia
R,1,962‖Leonard
R,1,966‖Kevin
R,1,966‖Toni
R,1,968‖Christine
R,1,969‖Earl
R,1,969‖Stephen
R,1,972‖Amos
R,1,977‖Bessie
R,1,979‖Kelly
R,1,981‖Ruben
R,1,981‖Orpha
R,1,984‖Anna
R,1,985‖Andre
R,1,986‖Colin
R,1,989‖Jena
R,1,990‖Norman
R,1,991‖Henry
R,1,992‖Douglas
R,1,993‖Everett
R,1,994‖Clara
R,1,994‖Geneva
R,1,996‖Hazel
S,1,500‖Sparrow
S,1,500‖Echard
S,1,505‖Mooney
S,1,506‖Goodwin
S,1,509‖Boss
S,1,511‖Gonzales
S,1,511‖Clark
S,1,512‖Cluck
S,1,515‖Erickson
S,1,520‖James
S,1,520‖Timms
S,1,523‖Morgan
S,1,524‖Pannell
S,1,528‖Hensley
S,1,529‖Jackson
S,1,530‖Crawford
S,1,534‖Hays
S,1,535‖Putnam
S,1,536‖Parks
S,1,540‖Lacombe
S,1,541‖Webb
S,1,547‖Burlingame
S,1,548‖Cook
S,1,553‖Shephard
S,1,565‖Hodges
S,1,566‖Nolen
S,1,567‖Boggan
S,1,574‖Johnson
S,1,575‖Allen
S,1,582‖Harrison
S,1,583‖Grey
S,1,584‖Peet
S,1,588‖Guerrero
S,1,594‖Straight
S,1,595‖Simmons
S,1,596‖Pfaff
S,1,600‖Mccauley
S,1,603‖Thompson
S,1,608‖Davis
S,1,611‖Martin
S,1,614‖Phillips
S,1,616‖Kovach
S,1,617‖Kuebler
S,1,624‖Brown
S,1,626‖Hodgkins
S,1,632‖Raybon
S,1,638‖Wilkerson
S,1,639‖Bradley
S,1,639‖Swanigan
S,1,642‖Day
S,1,643‖Dubicki
S,1,646‖Norman
S,1,647‖Symonds
S,1,649‖Natale
S,1,650‖Teague
S,1,651‖Papineau
S,1,652‖Debose
S,1,652‖Palen
S,1,655‖Howell
S,1,659‖Johnson
S,1,662‖Holm
S,1,663‖Varella
S,1,664‖Sigman
S,1,668‖Chamberlin
S,1,671‖To
S,1,671‖Gonzalez
S,1,673‖Plotts
S,1,676‖Perry
S,1,676‖Link
S,1,678‖Goble
S,1,679‖Womack
S,1,681‖Copley
S,1,683‖Perea
S,1,685‖Willey
S,1,686‖Crawford
S,1,688‖Pelham
S,1,688‖Corpus
S,1,688‖Almonte
S,1,689‖Osbourn
S,1,690‖Contreras
S,1,692‖Daisley
S,1,694‖Johnson
S,1,698‖Krause
S,1,705‖Haneke
S,1,705‖Bussell
S,1,706‖Feldt
S,1,707‖Walls
S,1,709‖Walker
S,1,709‖Travis
S,1,710‖Timinsky
S,1,711‖Reed
S,1,715‖Webster
S,1,715‖Dixon
S,1,719‖Kelly
S,1,720‖Reyna
S,1,724‖Grantham
S,1,727‖Weaver
S,1,728‖Harrison
S,1,728‖Mulvey
S,1,729‖Micale
S,1,732‖Hudson
S,1,732‖Evans
S,1,735‖Vivier
S,1,736‖Cornejo
S,1,739‖Pyle
S,1,742‖Dupree
S,1,743‖Bray
S,1,745‖Knutson
S,1,748‖Pineda
S,1,748‖Lamarr
S,1,748‖Mcdonald
S,1,750‖Lawrence
S,1,752‖Spence
S,1,752‖Guerrero
S,1,753‖Smialek
S,1,755‖Eldridge
S,1,758‖Adams
S,1,758‖Gardner
S,1,759‖Foreman
S,1,761‖Plamondon
S,1,762‖Wilton
S,1,762‖Mcbride
S,1,765‖Lew
S,1,772‖Babineaux
S,1,775‖Glass
S,1,776‖Walther
S,1,783‖Bueckers
S,1,788‖Warren
S,1,794‖Hanson
S,1,796‖Emerson
S,1,796‖Worthey
S,1,797‖Talley
S,1,798‖Bubert
S,1,803‖Ross
S,1,804‖Bonner
S,1,806‖Vitucci
S,1,809‖Shinnick
S,1,810‖Hill
S,1,812‖Easterling
S,1,812‖Rosa
S,1,813‖Coward
S,1,816‖Mcwilliams
S,1,818‖Brewington
S,1,820‖Taylor
S,1,821‖Alexander
S,1,825‖Morello
S,1,830‖Love
S,1,831‖Machado
S,1,833‖Gaden
S,1,833‖Thomas
S,1,836‖Petti
S,1,837‖Greenlee
S,1,837‖Ware
S,1,844‖Richardson
S,1,851‖Ramey
S,1,853‖Stratton
S,1,854‖Proudfoot
S,1,855‖Taylor
S,1,859‖Odonnell
S,1,862‖Williams
S,1,865‖Wallace
S,1,871‖Morin
S,1,871‖Richard
S,1,876‖Gullo
S,1,881‖Blanton
S,1,883‖Sigmon
S,1,887‖Roth
S,1,888‖Barrett
S,1,889‖Patterson
S,1,893‖Beard
S,1,895‖Pursell
S,1,896‖Price
S,1,897‖Dacosta
S,1,909‖Nichols
S,1,911‖Carrasco
S,1,916‖Gore
S,1,916‖Hayes
S,1,925‖Belisle
S,1,926‖Tiner
S,1,928‖Loughry
S,1,928‖Barba
S,1,930‖Miller
S,1,933‖Jarrard
S,1,934‖Daub
S,1,937‖Bohlke
S,1,938‖Mckeever
S,1,942‖Francis
S,1,945‖Gregg
S,1,946‖Walters
S,1,949‖Moss
S,1,952‖Goldstein
S,1,955‖Winstead
S,1,962‖Stewart
S,1,963‖Davis
S,1,966‖Hoff
S,1,972‖Sparks
S,1,975‖Yates
S,1,975‖Durbin
S,1,976‖Painter
S,1,981‖Griffith
S,1,981‖Turk
S,1,984‖Brannan
S,1,984‖Mullins
S,1,990‖Harbin
S,1,992‖Herrera
S,1,995‖Prahl
S,1,995‖Shrader
R,1,502‖Stephen
R,1,502‖Debra
R,1,504‖Heather
R,1,507‖William
R,1,508‖Mary
R,1,509‖Thomas
R,1,512‖Misty
R,1,512‖Viola
R,1,515‖Elouise
R,1,516‖Wanda
R,1,516‖Jesse
R,1,520‖Kathy
R,1,522‖Danny
R,1,523‖Kristina
R,1,526‖Alec
R,1,527‖Maryellen
R,1,529‖Sherry
R,1,532‖Vickie
R,1,541‖Betty
R,1,545‖Gary
R,1,546‖Kevin
R,1,547‖Jerry
R,1,549‖Nancy
R,1,554‖John
R,1,554‖Eileen
R,1,554‖Kay
R,1,562‖Elsie
R,1,565‖Mary
R,1,576‖Geneva
R,1,579‖Wilma
R,1,580‖Clarence
R,1,582‖Phillip
R,1,583‖Harold
R,1,588‖William
R,1,589‖Larry
R,1,593‖Florence
R,1,595‖Lora
R,1,595‖John
R,1,597‖Arthur
R,1,598‖Robert
R,1,599‖Jacqueline
R,1,600‖Nellie
R,1,602‖Alan
R,1,603‖Michael
R,1,603‖Donna
R,1,607‖Jimmy
R,1,607‖Brandon
R,1,609‖Alan
R,1,611‖Hazel
R,1,614‖Cheryl
R,1,616‖Barbara
R,1,621‖Gabrielle
R,1,621‖Frank
R,1,625‖Brent
R,1,626‖Edgar
R,1,629‖Emily
R,1,634‖Robert
R,1,635‖Terry
R,1,635‖Eloise
R,1,637‖Carole
R,1,641‖Judith
R,1,644‖Maria
R,1,646‖Shirley
R,1,649‖Fred
R,1,650‖Johnny
R,1,651‖Elmer
R,1,652‖Grace
R,1,653‖Leon
R,1,655‖George
R,1,659‖My
R,1,660‖George
R,1,664‖Rod
R,1,666‖James
R,1,667‖Richard
R,1,667‖Keith
R,1,668‖Wesley
R,1,669‖Celina
R,1,670‖Jamie
R,1,672‖Derrick
R,1,674‖Roosevelt
R,1,676‖Jack
R,1,676‖Troy
R,1,678‖Denny
R,1,679‖Sharron
R,1,681‖Kathleen
R,1,682‖Nathaniel
R,1,687‖Elizabeth
R,1,687‖Walter
R,1,688‖Caitlin
R,1,688‖Martin
R,1,689‖Sarah
R,1,689‖Edna
R,1,690‖Gina
R,1,693‖Lamar
R,1,695‖Joanne
R,1,698‖Latonia
R,1,699‖Christine
R,1,700‖Nancy
R,1,701‖Jose
R,1,703‖Carl
R,1,704‖Thomas
R,1,705‖Sue
R,1,706‖Heather
R,1,706‖Jose
R,1,709‖Kathryn
R,1,714‖Tina
R,1,718‖Lawrence
R,1,718‖Kenneth
R,1,727‖Eveline
R,1,729‖Larry
R,1,731‖David
R,1,735‖Donald
R,1,739‖David
R,1,739‖Ivy
R,1,739‖Charlotte
R,1,742‖Steven
R,1,744‖Clark
R,1,746‖Peter
R,1,748‖Patti
R,1,748‖Elaine
R,1,750‖Michael
R,1,752‖Glenn
R,1,758‖Stephen
R,1,760‖Chester
R,1,764‖Justin
R,1,765‖Tammy
R,1,766‖Darrel
R,1,770‖Quinn
R,1,772‖Regina
R,1,772‖James
R,1,772‖Jeannette
R,1,774‖Susan
R,1,776‖Keely
R,1,782‖David
R,1,785‖Eugene
R,1,787‖Stephanie
R,1,791‖Irving
R,1,792‖Lester
R,1,792‖Donald
R,1,796‖Natalie
R,1,799‖Rebecca
R,1,800‖Adriana
R,1,804‖Wesley
R,1,808‖Michael
R,1,811‖Steven
R,1,815‖Eric
R,1,816‖Andrew
R,1,817‖Adrian
R,1,820‖Mia
R,1,823‖Susan
R,1,824‖Eugene
R,1,824‖Rebecca
R,1,825‖Stacy
R,1,825‖Michele
R,1,825‖Robert
R,1,827‖Erin
R,1,828‖Terence
R,1,829‖Jamie
R,1,832‖Renee
R,1,839‖Margie
R,1,841‖Thelma
R,1,842‖Theda
R,1,844‖Robyn
R,1,846‖Sandra
R,1,847‖Maria
R,1,849‖Lisa
R,1,852‖Mary
R,1,854‖Alvin
R,1,854‖Virginia
R,1,859‖Jerry
R,1,859‖Ronald
R,1,860‖Mark
R,1,863‖William
R,1,865‖Carmen
R,1,870‖Archie
R,1,872‖Michael
R,1,879‖Eugenio
R,1,880‖Lindsay
R,1,880‖Bernice
R,1,881‖Bonnie
R,1,888‖Samantha
R,1,890‖Edward
R,1,894‖William
R,1,898‖Rebecca
R,1,899‖Byron
R,1,900‖Nellie
R,1,909‖Alexis
R,1,915‖Humberto
R,1,916‖Homer
R,1,916‖Jim
R,1,918‖Bud
R,1,921‖Janice
R,1,921‖Edwin
R,1,922‖Maria
R,1,923‖Ellie
R,1,924‖Ivan
R,1,926‖Peter
R,1,927‖Melissa
R,1,929‖Susan
R,1,932‖Margaret
R,1,936‖Teresa
R,1,936‖Natalie
R,1,939‖Charles
R,1,940‖Harold
R,1,941‖Trevor
R,1,942‖Martin
R,1,942‖Joseph
R,1,944‖Cheryl
R,1,945‖Stephanie
R,1,945‖Keli
R,1,948‖Owen
R,1,949‖Allene
R,1,954‖David
R,1,959‖Sylvia
R,1,964‖Vickie
R,1,969‖Alison
R,1,971‖Glenda
R,1,975‖Rita
R,1,980‖Jean
R,1,982‖Jose
R,1,984‖Maria
R,1,988‖Lester
R,1,992‖Anthony
R,1,993‖Daniel
R,1,994‖Jeanne
R,1,994‖Dana
R,1,995‖Lucille
R,1,998‖Stephen
R,1,998‖Katherine
R,1,998‖Neal
S,1,501‖White
S,1,503‖Brien
S,1,504‖Mclaughlin
S,1,504‖Jordan
S,1,505‖Mccollum
S,1,512‖Ragan
S,1,514‖Chastain
S,1,522‖Cooper
S,1,522‖Kendall
S,1,531‖Foltz
S,1,532‖Bauer
S,1,533‖Phair
S,1,536‖Pendleton
S,1,539‖Horodyski
S,1,548‖Kelash
S,1,549‖Brooks
S,1,550‖Mohr
S,1,550‖Harvey
S,1,553‖Ransdell
S,1,554‖Wedderburn
S,1,562‖Carroll
S,1,562‖Williams
S,1,566‖Hernandez
S,1,568‖Furrer
S,1,569‖Strauss
S,1,570‖Ford
S,1,572‖Radice
S,1,575‖Kiernan
S,1,578‖Charles
S,1,578‖Gilbert
S,1,579‖Eguia
S,1,581‖Knight
S,1,582‖Massey
S,1,585‖Williams
S,1,591‖Patterson
S,1,592‖Perez
S,1,593‖Tanner
S,1,593‖Sweeney
S,1,593‖Pugh
S,1,594‖Wagner
S,1,597‖Hill
S,1,599‖Huson
S,1,599‖Flores
S,1,599‖Garrett
S,1,603‖White
S,1,605‖Vanhorn
S,1,608‖Glass
S,1,609‖Delargy
S,1,616‖Tirado
S,1,618‖Quincy
S,1,627‖Tapia
S,1,629‖Steffen
S,1,629‖Price
S,1,630‖Sumner
S,1,633‖Young
S,1,636‖Bannister
S,1,637‖Briseno
S,1,640‖Walker
S,1,648‖Glinski
S,1,650‖Gay
S,1,650‖Crafter
S,1,651‖Quintana
S,1,651‖Vaughn
S,1,652‖Todd
S,1,653‖White
S,1,655‖Matherly
S,1,655‖Claxton
S,1,655‖Bowers
S,1,659‖Cochran
S,1,659‖Ress
S,1,660‖Magallanes
S,1,672‖Ross
S,1,674‖Mccary
S,1,675‖Green
S,1,684‖Steir
S,1,696‖Peterson
S,1,697‖Sawyer
S,1,699‖Baca
S,1,702‖Holcomb
S,1,703‖Hooker
S,1,703‖Alexander
S,1,705‖Rich
S,1,705‖Santiago
S,1,706‖Trager
S,1,707‖Marvin
S,1,710‖Moore
S,1,717‖Heyes
S,1,727‖Fabian
S,1,731‖Kolinski
S,1,733‖Washington
S,1,736‖Gray
S,1,737‖Rodriguez
S,1,740‖Dehaven
S,1,741‖Perez
S,1,742‖Reber
S,1,746‖Lemire
S,1,747‖Salles
S,1,747‖Jackson
S,1,757‖Kertzman
S,1,757‖Seeholzer
S,1,768‖Bing
S,1,770‖Whitsitt
S,1,772‖Mccrary
S,1,775‖Lopez
S,1,778‖Shelby
S,1,779‖Laite
S,1,780‖Strickland
S,1,787‖Gomez
S,1,789‖Phillips
S,1,791‖Fields
S,1,793‖Gardner
S,1,794‖Gibson
S,1,796‖Irvin
S,1,800‖Schmiedeskamp
S,1,800‖Lauderdale
S,1,804‖Locher
S,1,809‖Thornton
S,1,809‖Walsh
S,1,811‖Parker
S,1,815‖Guzman
S,1,821‖Day
S,1,825‖Colton
S,1,825‖Jones
S,1,825‖Stringer
S,1,828‖Mason
S,1,829‖Craft
S,1,832‖Zeigler
S,1,838‖Peck
S,1,842‖Zamora
S,1,842‖Henderson
S,1,842‖Killeen
S,1,843‖Mccord
S,1,846‖Howard
S,1,846‖Rice
S,1,851‖Wilson
S,1,853‖Varel
S,1,854‖Cutter
S,1,856‖Carr
S,1,857‖Foster
S,1,861‖Robertson
S,1,861‖Berstein
S,1,865‖Ramirez
S,1,865‖Shingler
S,1,868‖Haynes
S,1,871‖Claiborne
S,1,877‖Grubbs
S,1,878‖Mcdougal
S,1,881‖Leet
S,1,883‖Fritz
S,1,886‖Baker
S,1,890‖Baker
S,1,892‖Schmidt
S,1,894‖Frederick
S,1,895‖Odowd
S,1,896‖Johnson
S,1,897‖Williams
S,1,898‖Dix
S,1,902‖Ward
S,1,902‖Allen
S,1,904‖Peterson
S,1,905‖Humphrey
S,1,908‖Correia
S,1,910‖Simon
S,1,915‖Kim
S,1,917‖Davis
S,1,918‖Livesay
S,1,919‖Friesner
S,1,922‖Driscoll
S,1,927‖Davis
S,1,928‖Pursifull
S,1,930‖Ellingson
S,1,930‖Lints
S,1,931‖White
S,1,931‖Boone
S,1,932‖Duchesne
S,1,933‖Logan
S,1,935‖Fordham
S,1,936‖Avery
S,1,938‖Long
S,1,938‖Spencer
S,1,939‖Mclendon
S,1,941‖Henry
S,1,949‖Falcon
S,1,950‖Pena
S,1,954‖Reliford
S,1,957‖Brown
S,1,958‖Richardson
S,1,958‖Wall
S,1,962‖Cox
S,1,966‖Price
S,1,969‖Manzo
S,1,972‖Mcconnell
S,1,976‖Wasmer
S,1,978‖Spencer
S,1,979‖Mcdonald
S,1,982‖Reier
S,1,985‖Robinson
S,1,986‖Colvin
S,1,988‖Fields
S,1,990‖Duong
S,1,992‖Fleeger
S,1,993‖Visick
S,1,994‖Connelly
S,1,995‖Respress
S,1,998‖Arsenault
S,1,998‖Dodge
S,1,999‖Howells
